sort-ID,pez_ID,ID ,shelter-partner ,county,sex-status,sex,altered,female,male,age ,age-formulas,age-months,age-stages-formula,agestages,juvenile,adult,breed ,purebred,large-mix,med-mix,sm-mix,size-formula,size,wt,wt-kg,intake-date,sp-intake-date,long-fur,short-fur,furlength,ticks ,EDTA,4DX-run,lymeseropos,anaseropos,ehrseropos,rickifa,4DX-hw,sum-tbd,tbdpos,multtbd,lyme-CS,lyme-lame,lyme-abnormal-pcv ,lyme-abnormal-urine ,anaplasma-CS,anaplasma-abnormal-pcv ,anaplasma-abnormal-urine ,,ehrlichia-CS,ehlrichia-abnormal-pcv ,ehlrichia-abnormal-plt-count,E.canis_Doyle,E.ewingii_Doyle,E.chaff_Doyle,A.platys_daSilva,A.phag_Draz,B.burg_Barb,Rick_Stenos,R.rick_Kato,Sum_TBD-sero,One-TBD-sero,Multi-TBD-sero,PCR-TBD,SERO+PCR,TBD+HW,ACUTE-only
432,H432,A46152092,Jackson,Jackson,Female,Female,0,1,0,5,0.4,0.4,Puppy,Puppy,1,0,mixed breed,0,0,0,1,Small,Small,18.3,8.32,11/23/2020,11/23/2020,0,1,short,N,Y,N,NA,NA,NA,0,NA,0,0,0,,,,,,,,,0,0,0,NA,0,0,NA,0,NA,0,NA,0,0,0,0,0,0,0
84,H84,A45263078,Lawrence,Lawrence,Female,Female,0,1,0,1 y,1,12,Adolescence,Adolescence,0,1,boxer mix,0,0,1,0,Medium,Medium,29,13.18,8/10/2020,8/3/2020,NA,NA,NA,N,Y,Y,0,0,0,0,0,0,0,0,0,0,0,0,0,0,0,,0,0,0,NA,0,0,0,0,NA,0,0,0,0,0,0,0,0,0
127,H127,A45383327,Jackson,Jackson,Male,Male,0,0,1,1 y,1,12,Adolescence,Adolescence,0,1,boxer mix,0,1,0,0,Large,Large,46.5,21.14,8/26/2020,8/26/2020,0,1,short,N,Y,Y,1,0,1,1,0,3,1,1,0,0,0,0,0,0,0,,0,0,0,NA,0,0,0,0,NA,0,0,0,0,0,0,0,0,0
137,H137,A45366790,Scioto,Scioto,Female,Female,0,1,0,1 y,1,1,Puppy,Puppy,0,1,hound mix,0,0,0,1,Small,Small,21.4,9.73,8/24/2020,8/20/2020,0,1,short,N,Y,N,NA,NA,NA,1,NA,1,1,0,,,,,,,,,,,,NA,0,0,0,0,NA,0,0,0,0,NA,0,0,NA,0
154,H154,A44287576,owner surrender,Franklin,Spayed Female,Female,1,1,0,1 y,1,12,Adolescence,Adolescence,0,1,pit bull terrier mix,0,0,1,0,Medium,Medium,37,16.82,10/14/2020,10/14/2020,0,1,short,N,Y,Y,0,0,0,0,0,0,0,0,,,,,,,,,,,,NA,0,0,NA,0,NA,0,NA,0,0,0,0,0,0,0
155,H155,A45940070,Gallia,Gallia,Female,Female,0,1,0,1 y,1,1,Puppy,Puppy,0,1,catahoula mix,0,1,0,0,Large,Large,79,35.91,10/21/2020,10/5/2020,0,1,short,N,Y,N,NA,NA,NA,0,NA,0,0,0,,,,,,,,,,,,NA,0,0,NA,0,NA,0,NA,0,0,0,0,0,NA,0
395,H395,A46305601,Jackson,Jackson,Female,Female,0,1,0,1 y,1,12,Adolescence,Adolescence,0,1,Australian shepherd mix,0,0,1,0,Medium,Medium,29,13.18,12/21/2020,12/17/2020,1,0,Long,N,Y,Y,1,0,1,0,0,2,1,1,0,0,0,0,0,0,0,,0,0,0,NA,0,0,NA,0,NA,0,NA,0,0,0,0,0,0,0
73,H73,A45180036,Gallia,Gallia,Female,Female,0,1,0,1 year,1,12,Adolescence,Adolescence,0,1,Mixed breed,0,0,1,0,Medium,Medium,42,19.09,7/29/2020,7/29/2020,NA,NA,NA,N,Y,Y,0,0,0,0,0,0,0,0,,,,,,,,,0,0,0,NA,0,0,NA,0,NA,0,0,4,1,1,0,0,0,0
437,H437,A46231482,Ross,Ross,Female,Female,0,1,0,1 year,1,1,Puppy,Puppy,0,1,Lab retriever mix,0,0,1,0,Medium,Medium,42.5,19.32,12/21/2020,12/8/2020,0,1,short,N,Y,N,NA,NA,NA,0,NA,0,0,0,,,,,,,,,,,,NA,0,0,NA,0,NA,0,NA,0,0,NA,0,0,NA,0
3,H3,A43840802,Lawrence,Lawrence,Male,Male,0,0,1,1 yr,1,12,Adolescence,Adolescence,0,1,mixed breed medium,0,0,1,0,Medium,Medium,40,18.18,2/17/2020,2/10/2020,0,1,short,N,Y,Y,1,0,0,0,0,1,1,0,0,0,0,0,0,0,0,,0,0,0,0,0,0,0,0,0,0,0,1,1,0,0,0,0,0
10,H10,A44399537,Gallia,Gallia,Male,Male,0,0,1,1 yr,1,12,Adolescence,Adolescence,0,1,mixed breed large,0,1,0,0,Large,Large,67,30.45,5/28/2020,5/26/2020,0,1,short,Y,Y,Y,0,0,0,0,0,0,0,0,0,0,0,0,0,0,0,,0,0,0,0,0,0,0,0,0,0,0,0,0,0,0,0,0,0
17,H17,A43945192,Jackson,Jackson,Male,Male,0,0,1,1 yr,1,12,Adolescence,Adolescence,0,1,hound mix,0,0,1,0,Medium,Medium,43.5,19.77,3/3/2020,2/25/2020,0,1,short,Y,Y,Y,1,0,0,0,0,1,1,0,0,0,0,0,0,0,0,,0,0,0,0,0,0,0,0,0,0,0,1,1,0,0,0,0,0
20,H20,A44873250,Jackson,Jackson,Female,Female,0,1,0,1 yr,1,12,Adolescence,Adolescence,0,1,mixed breed medium,0,0,1,0,Medium,Medium,29.5,13.41,6/16/2020,6/8/2020,0,1,short,Y,Y,Y,0,0,0,1,0,1,1,0,0,0,0,0,0,0,0,,0,0,0,0,0,0,0,0,0,0,0,1,1,0,0,0,0,0
21,H21,A44883099,Scioto,Scioto,Male,Male,0,0,1,1 YR,1,12,Adolescence,Adolescence,0,1,mixed breed medium,0,1,0,0,Large,Large,46.5,21.14,6/17/2020,6/15/2020,0,1,short,Y,Y,Y,1,0,0,1,0,2,1,1,0,0,0,0,0,0,0,,0,0,0,0,0,0,0,0,0,0,0,2,1,1,0,0,0,0
22,H22,A44873212,Jackson,Jackson,Male,Male,0,0,1,1 yr,1,12,Adolescence,Adolescence,0,1,mixed breed large,0,1,0,0,Large,Large,46,20.91,6/16/2020,6/3/2020,0,1,short,Y,Y,Y,1,0,0,1,0,2,1,1,0,0,0,0,0,0,0,,0,0,0,0,0,0,0,0,0,0,0,2,1,1,0,0,0,0
65,H65,A45163348,Ross,Ross,Female,Female,0,1,0,1 yr,1,12,Adolescence,Adolescence,0,1,australian cattle dog mix,0,0,1,0,Medium,Medium,33.5,15.23,7/27/2020,3/27/2020,0,1,short,N,Y,Y,0,0,0,0,0,0,0,0,0,0,0,0,0,0,0,,0,0,0,NA,0,0,NA,0,NA,0,0,0,0,0,0,0,0,0
79,H79,A45229693,Jackson,Jackson,Male ,Male ,0,0,0,1 yr,1,12,Adolescence,Adolescence,0,1,australian cattle dog mix,0,0,1,0,Medium,Medium,42,19.09,8/5/2020,7/23/2020,0,1,short,N,Y,Y,0,0,0,0,0,0,0,0,0,0,0,0,0,0,0,,0,0,0,NA,0,0,0,0,NA,0,0,0,0,0,0,0,0,0
80,H80,A45229683,Jackson,Jackson,Female,Female,0,1,0,1 yr,1,12,Adolescence,Adolescence,0,1,american pit bull mix,0,0,1,0,Medium,Medium,40,18.18,8/5/2020,7/24/2020,0,1,short,N,Y,Y,0,0,0,0,0,0,0,0,0,0,0,0,0,0,0,,0,0,0,NA,0,0,0,0,NA,0,0,0,0,0,0,0,0,0
103,H103,A45288777,Jackson,Jackson,Male,Male,0,0,1,1 yr,1,12,Adolescence,Adolescence,0,1,collie mix,0,1,0,0,Large,Large,52,23.64,8/13/2020,8/7/2020,NA,NA,NA,N,Y,Y,0,0,0,0,0,0,0,0,0,0,0,0,0,0,0,,0,0,0,NA,0,0,0,0,NA,0,0,0,0,0,0,0,0,0
104,H104,A45288787,Jackson,Jackson,Male,Male,0,0,1,1 yr,1,12,Adolescence,Adolescence,0,1,american pit bull mix,0,1,0,0,Large,Large,49,22.27,8/13/2020,8/2/2020,0,1,short,N,Y,Y,0,0,0,0,0,0,0,0,0,0,0,0,0,0,0,,0,0,0,NA,0,0,0,0,NA,0,0,0,0,0,0,0,0,0
108,H108,A45326208,Lawrence,Lawrence,Male,Male,0,0,1,1 yr,1,12,Adolescence,Adolescence,0,1,pit bull terrier mix,0,1,0,0,Large,Large,51,23.18,8/18/2020,8/13/2020,0,1,short,N,Y,Y,0,0,0,0,0,0,0,0,0,0,0,0,0,0,0,,0,0,0,NA,0,0,0,0,NA,0,0,1,1,0,0,0,0,0
145,H145,A45617920,Jackson,Jackson,Female,Female,0,1,0,1 yr,1,12,Adolescence,Adolescence,0,1,Australin shepherd mix,0,0,1,0,Medium,Medium,25,11.36,9/24/2020,9/24/2020,1,0,Long,N,Y,Y,1,0,0,0,0,1,1,0,0,0,0,0,0,0,0,,,,,NA,0,0,NA,0,NA,0,0,0,0,0,0,0,0,0
179,H179,A45946359,Jackson,Jackson,Male,Male,0,0,1,1 yr,1,12,Adolescence,Adolescence,0,1,"mixed breed, small",0,0,0,1,Small,Small,15.8,7.18,10/22/2020,10/17/2020,0,1,short,N,Y,Y,0,0,0,0,0,0,0,0,0,0,0,0,0,0,0,,0,0,0,NA,0,0,NA,0,NA,0,NA,1,1,0,0,0,0,0
362,H362,A46272446,Ross,Ross,Male,Male,0,0,1,1 yr,1,12,Adolescence,Adolescence,0,1,mixed breed large,0,1,0,0,Large,Large,49,22.27,12/15/2020,11/10/2020,0,1,short,N,Y,Y,0,0,0,0,0,0,0,0,,,,,,,,,0,0,0,NA,0,0,NA,0,NA,0,NA,0,0,0,0,0,0,0
364,H364,A46238073,Jackson,Jackson,Female,Female,0,1,0,1 yr,1,12,Adolescence,Adolescence,0,1,chihuahua mix,0,0,0,1,Small,Small,10.4,4.73,12/9/2020,12/4/2020,0,1,short,N,Y,Y,0,0,0,0,0,0,0,0,,,,,,,,,0,0,0,NA,0,0,NA,0,NA,0,NA,1,1,0,0,0,0,0
374,H374,A46231490,Ross,Ross,Male,Male,0,0,1,1 yr,1,12,Adolescence,Adolescence,0,1,Lab retriever mix,0,1,0,0,Large,Large,57.5,26.14,12/8/2020,12/8/2020,0,1,short,N,Y,Y,0,0,0,0,0,0,0,0,,,,,,,,,0,0,0,NA,0,0,NA,0,NA,0,NA,1,1,0,0,0,0,0
389,H389,A46305608,Jackson,Jackson,Male,Male,0,0,1,1 yr,1,12,Adolescence,Adolescence,0,1,hound,0,0,1,0,Medium,Medium,44,20,12/23/2020,12/14/2020,0,1,short,Y,Y,Y,1,0,1,0,0,2,1,1,0,0,0,0,0,0,0,,0,0,0,NA,0,0,NA,0,NA,0,NA,3,1,1,0,0,0,0
392,H392,A46238127,Jackson,Jackson,Female,Female,0,1,0,1 yr,1,12,Adolescence,Adolescence,0,1,"greyhound, retriever mix",0,0,1,0,Medium,Medium,41.5,18.86,12/9/2020,12/8/2020,0,1,short,N,Y,Y,0,0,0,0,0,0,0,0,,,,,,,,,0,0,0,NA,0,0,NA,0,NA,0,NA,0,0,0,0,0,0,0
407,H407,A46238087,Jackson,Jackson,Neutered Male,Male,1,0,1,1 yr,1,12,Adolescence,Adolescence,0,1,golden retriever,1,1,0,0,Large,Large,84,38.18,12/9/2020,na,1,0,Long,N,Y,Y,0,0,0,0,0,0,0,0,0,0,0,0,0,0,0,,0,0,0,NA,0,0,NA,0,NA,0,NA,0,0,0,0,0,0,0
409,H409,A46238133,Jackson,Jackson,Male,Male,0,0,1,1 yr,1,12,Adolescence,Adolescence,0,1,Akita mix,0,1,0,0,Large,Large,62,28.18,12/9/2020,12/4/2020,1,0,Long,N,Y,Y,1,0,0,0,0,1,1,0,0,0,0,0,0,0,0,,0,0,0,NA,0,0,NA,0,NA,0,NA,0,0,0,0,0,0,0
424,H424,A46370330,Ross,Ross,Male ,Male ,0,0,0,1 yr,1,12,Adolescence,Adolescence,0,1,mixed breed large,0,0,1,0,Medium,Medium,42,19.09,1/5/2021,12/17/2020,0,1,short,N,Y,Y,0,0,0,0,0,0,0,0,0,0,0,0,0,0,0,,0,0,0,NA,0,0,NA,0,NA,0,NA,0,0,0,0,0,0,0
434,H434,A46409991,Lawrence,Lawrence,Female,Female,0,1,0,1 yr,1,12,Adolescence,Adolescence,0,1,mixed breed large,0,1,0,0,Large,Large,46,20.91,1/12/2021,1/6/2021,0,1,short,N,Y,Y,1,0,0,1,0,2,1,1,0,0,0,0,0,0,0,,0,0,0,NA,0,0,NA,0,NA,0,NA,2,1,1,0,0,0,0
16,H16,A43936884,Lawrence,Lawrence,Female,Female,0,1,0,1 yr ,1,12,Adolescence,Adolescence,0,1,catahoula leopard mix,0,0,1,0,Medium,Medium,36.5,16.59,3/2/2020,2/26/2020,0,1,short,N,Y,Y,0,0,0,0,0,0,0,0,0,0,0,0,0,0,0,,0,0,0,0,0,0,0,0,0,0,0,0,0,0,0,0,0,0
371,H371,A46203726,Gallia,Gallia,Male,Male,0,0,1,1 yr ,1,12,Adolescence,Adolescence,0,1,GSD mix ,0,1,0,0,Large,Large,59,26.82,12/28/2020,11/23/2020,0,1,short,N,Y,Y,0,0,0,0,0,0,0,0,0,0,0,0,0,0,0,,0,0,0,NA,0,0,NA,0,NA,0,NA,0,0,0,0,0,0,0
402,H402,A46410099,Lawrence ,Lawrence,Male,Male,0,0,1,1 yr ,1,12,Adolescence,Adolescence,0,1,mixed breed large,0,0,1,0,Medium,Medium,37,16.82,1/12/2021,1/6/2021,0,1,short,N,Y,Y,1,0,0,0,0,1,1,0,0,0,0,0,0,0,0,,,,,NA,0,0,NA,0,NA,0,NA,0,0,0,0,0,0,0
53,H53,A45062744,Lawrence,Lawrence,Male,Male,0,0,1,1.5 m,0.1,2,Puppy,Puppy,0,1,shepherd mix,0,0,0,1,Small,Small,4.37,1.99,7/13/2020,7/8/2020,NA,NA,NA,Y,Y,Y,0,0,0,NA,0,0,0,0,0,0,0,0,0,0,0,,0,0,0,0,1,0,0,0,0,0,0,3,1,1,1,1,1,0
54,H54,A45062764,Lawrence,Lawrence,Female,Female,0,1,0,1.5 m,0.1,2,Puppy,Puppy,0,1,shepherd mix,0,0,0,1,Small,Small,4.12,1.87,7/13/2020,7/8/2020,NA,NA,NA,Y,Y,Y,0,0,0,0,0,0,0,0,0,0,0,0,0,0,0,,0,0,0,NA,0,0,NA,0,NA,0,0,0,0,0,0,0,0,0
55,H55,A45062754,Lawrence,Lawrence,Male,Male,0,0,1,1.5 m,0.1,0.1,Puppy,Puppy,1,0,shepherd mix,0,0,0,1,Small,Small,3.81,1.73,7/13/2020,7/8/2020,NA,NA,NA,Y,N,N,NA,NA,NA,NA,NA,0,0,0,,,,,,,,,0,0,0,NA,0,0,NA,0,NA,0,0,0,0,0,0,0,0,0
117,H117,A45366698,Scioto,Scioto,Male,Male,0,0,1,1.5 y,1.5,18,Adolescence,Adolescence,0,1,mixed breed large,0,0,1,0,Medium,Medium,35,15.91,8/24/2020,8/24/2020,0,1,short,N,Y,Y,0,0,0,0,0,0,0,0,0,0,0,0,0,0,0,,0,0,0,NA,0,0,0,0,NA,0,0,2,1,1,0,0,0,0
369,H369,A46245765,Gallia,Gallia,Female,Female,0,1,0,1.5 years,1.5,18,Adolescence,Adolescence,0,1,australian shepherd,1,0,1,0,Medium,Medium,39,17.73,12/10/2020,12/7/2020,0,1,short,Y,Y,Y,1,0,0,0,0,1,1,0,0,0,0,0,0,0,0,,,,,NA,0,0,NA,0,NA,0,NA,0,0,0,0,0,0,0
370,H370,A46245748,Gallia,Gallia,Female,Female,0,1,0,1.5 years,1.5,18,Adolescence,Adolescence,0,1,Australian shepherd mix,0,0,1,0,Medium,Medium,43,19.55,12/10/2020,12/7/2020,0,1,short,N,Y,Y,1,0,0,0,0,1,1,0,0,0,0,0,0,0,0,,0,0,0,NA,0,0,NA,0,NA,0,NA,1,1,0,0,0,0,0
375,H375,A46305540,Jackson,Jackson,Female,Female,0,1,0,1.5 years,1.5,18,Adolescence,Adolescence,0,1,mixed breed medium,0,0,0,1,Small,Small,21,9.55,12/21/2020,12/15/2020,0,1,short,N,Y,Y,1,0,0,0,0,1,1,0,0,0,0,0,0,0,0,,0,0,0,NA,0,0,NA,0,NA,0,NA,0,0,0,0,0,0,0
2,H2,A43840793,Lawrence,Lawrence,Male,Male,0,0,1,1.5 yr,1.5,18,Adolescence,Adolescence,0,1,Hound mix,0,1,0,0,Large,Large,45,20.45,2/17/2020,2/10/2020,0,1,short,Y,Y,Y,1,0,0,0,0,1,1,0,0,0,0,0,0,0,0,,0,0,0,0,0,0,0,0,0,0,0,1,1,0,0,0,0,0
23,H23,A44882984,Scioto,Scioto,Male,Male,0,0,1,1.5 yr,1.5,1.5,Puppy,Puppy,0,1,mixed breed medium,0,1,0,0,Large,Large,70,31.82,6/17/2020,6/12/2020,0,1,short,N,Y,N,NA,NA,NA,0,NA,0,0,0,,,,,,,,,,,,0,0,0,0,0,0,0,0,0,0,NA,0,0,NA,0
24,H24,A44892129,Gallia,Gallia,Female,Female,0,1,0,1.5 yr,1.5,18,Adolescence,Adolescence,0,1,australian cattle dog,1,1,0,0,Large,Large,,35,6/18/2020,6/18/2020,0,1,short,N,Y,Y,1,0,1,1,0,3,1,1,0,0,0,0,0,0,0,,1,0,1,0,0,0,0,0,0,0,0,3,1,1,0,0,0,0
170,H170,A46025358,Ross,Ross,Male,Male,0,0,1,1.5 yr,1.5,18,Adolescence,Adolescence,0,1,mixed breed medium,0,0,1,0,Medium,Medium,28,12.73,11/3/2020,10/29/2020,0,1,short,Y,Y,Y,1,0,0,0,0,1,1,0,0,0,0,0,0,0,0,,,,,NA,1,0,NA,0,NA,0,NA,0,0,0,1,0,0,1
195,H195,A46113801,Gallia,Gallia,Female,Female,0,1,0,1.5 yr,1.5,18,Adolescence,Adolescence,0,1,mixed breed large,0,1,0,0,Large,Large,70,31.82,11/17/2020,11/16/2020,0,1,short,N,Y,Y,0,0,0,0,1,0,0,0,0,0,0,0,0,0,0,,0,0,0,NA,0,0,NA,0,NA,0,NA,1,1,0,0,0,0,0
198,H198,A46113750,Gallia,Gallia,Male,Male,0,0,1,1.5 yr,1.5,18,Adolescence,Adolescence,0,1,mixed breed medium,0,0,1,0,Medium,Medium,22.7,10.32,11/17/2020,11/16/2020,0,1,short,N,Y,Y,0,0,0,0,0,0,0,0,0,0,0,0,0,0,0,,0,0,0,NA,0,0,NA,0,NA,0,NA,0,0,0,0,0,0,0
418,H418,A46370275,Ross,Ross,Neutered Male,Male,1,0,1,1.5 yr,1.5,18,Adolescence,Adolescence,0,1,mixed breed large,0,1,0,0,Large,Large,52,23.64,1/5/2021,12/2/2020,0,1,short,N,Y,Y,1,0,0,0,0,1,1,0,0,0,0,0,0,0,0,,0,0,0,NA,0,0,NA,0,NA,0,NA,2,1,1,0,0,0,0
387,H387,A46370440,Ross,Ross,Male,Male,0,0,1,1.5 yr ,1.5,18,Adolescence,Adolescence,0,1,mixed breed large,0,0,1,0,Medium,Medium,41,18.64,1/5/2021,11/25/2020,0,1,short,N,Y,Y,0,0,0,0,0,0,0,0,0,0,0,0,0,0,0,,,,,NA,0,0,NA,0,NA,0,NA,0,0,0,0,0,0,0
12,H12,A44356204,Scioto,Scioto,Female,Female,0,1,0,10 m,0.8,10,Adolescence,Adolescence,0,1,mixed breed medium,0,0,1,0,Medium,Medium,25,11.36,5/21/2020,5/19/2020,0,1,short,Y,Y,Y,0,1,1,1,0,3,1,1,0,0,0,0,1,1,0,,0,1,0,0,0,0,0,0,0,0,0,3,1,1,0,0,0,0
14,H14,A44892139,Gallia,Gallia,Female,Female,0,1,0,10 m,0.8,10,Adolescence,Adolescence,0,1,"cur, mountain mix",0,0,1,0,Medium,Medium,34,15.45,6/18/2020,6/18/2020,0,1,short,Y,Y,Y,0,0,0,1,0,1,1,0,0,0,0,0,0,0,0,,0,0,0,0,0,0,0,0,0,0,0,1,1,0,0,0,0,0
107,H107,A45326325,Lawrence,Lawrence,Male,Male,0,0,1,10 m,0.8,10,Adolescence,Adolescence,0,1,mixed breed medium,0,0,1,0,Medium,Medium,29.5,13.41,8/18/2020,8/13/2020,0,1,short,Y,Y,Y,0,0,0,1,0,1,1,0,0,0,0,0,0,0,0,,0,0,0,NA,0,0,0,0,NA,0,0,2,1,1,0,0,0,0
116,H116,A45366824,Scioto,Scioto,Female,Female,0,1,0,10 m,0.8,10,Adolescence,Adolescence,0,1,boxer mix,0,0,1,0,Medium,Medium,28,12.73,8/24/2020,8/20/2020,0,1,short,Y,Y,Y,0,0,0,1,0,1,1,0,0,0,0,0,0,0,0,,0,0,0,NA,NA,NA,NA,NA,NA,NA,NA,0,0,0,0,0,0,0
144,H144,A45637736,Ross,Ross,Spayed Female,Female,1,1,0,10 m,0.8,10,Adolescence,Adolescence,0,1,mixed breed medium,0,0,1,0,Medium,Medium,40,18.18,9/30/2020,na,0,1,short,N,Y,Y,0,0,0,0,0,0,0,0,,,,,,,,,,,,NA,0,0,NA,0,NA,0,0,1,1,0,0,0,0,0
158,H158,A45946345,Jackson,Jackson,Male,Male,0,0,1,10 m,0.8,10,Adolescence,Adolescence,0,1,rottweiler mix,0,1,0,0,Large,Large,57,25.91,10/22/2020,10/16/2020,0,1,short,N,Y,Y,0,0,0,0,0,0,0,0,,,,,,,,,,,,NA,0,0,NA,0,NA,0,NA,0,0,0,0,0,0,0
365,H365,A46203753,Gallia,Gallia,Male,Male,0,0,1,10 m,0.8,10,Adolescence,Adolescence,0,1,pointer mix,0,1,0,0,Large,Large,49.5,22.5,12/3/2020,11/23/2020,0,1,short,N,Y,Y,1,0,0,0,0,1,1,0,0,0,0,0,0,0,0,,0,0,0,NA,0,0,NA,0,NA,0,NA,1,1,0,0,0,0,0
420,H420,A46415897,Jackson,Jackson,Female,Female,0,1,0,10 m,0.8,10,Adolescence,Adolescence,0,1,mixed breed large,0,0,1,0,Medium,Medium,38,17.27,1/13/2021,1/13/2021,0,1,short,N,Y,Y,0,0,0,0,0,0,0,0,0,0,0,0,0,0,0,,0,0,0,NA,0,0,NA,0,NA,0,NA,0,0,0,0,0,0,0
363,H363,A46265479,Scioto,Scioto,Male,Male,0,0,1,10 mo,0.8,10,Adolescence,Adolescence,0,1,siberian husky mix,0,0,1,0,Medium,Medium,43.5,19.77,12/14/2020,12/14/2020,1,0,Long,N,Y,Y,0,0,1,0,0,1,1,0,0,0,0,0,0,0,0,,0,0,0,NA,0,0,NA,0,NA,0,NA,0,0,0,0,0,0,0
388,H388,A46265465,Scioto,Scioto,Female,Female,0,1,0,10 months,0.8,10,Adolescence,Adolescence,0,1,mixed breed large,0,0,1,0,Medium,Medium,38,17.27,12/14/2020,12/14/2020,0,1,short,N,Y,Y,0,0,0,0,0,0,0,0,0,0,0,0,0,0,0,,1,0,0,NA,0,0,NA,0,NA,0,NA,2,1,1,0,0,0,0
86,H86,A45263351,Lawrence,Lawrence,Male ,Male ,0,0,0,10 yr,10,120,Senior,Senior,0,1,pomeranian mix,0,0,0,1,Small,Small,14.6,6.64,8/10/2020,8/10/2020,1,0,Long,Y,Y,Y,1,0,0,1,0,2,1,1,0,0,0,0,0,0,0,,0,0,0,NA,0,0,0,0,NA,0,0,1,1,0,0,0,0,0
192,H192,A46070578,Scioto,Scioto,Female,Female,0,1,0,10 yr,10,120,Senior,Senior,0,1,jack terrier mix,0,0,0,1,Small,Small,15,6.82,11/10/2020,11/3/2020,NA,NA,NA,Y,Y,Y,0,0,1,0,0,1,1,0,0,0,0,0,0,0,0,,0,0,0,NA,0,0,NA,0,NA,0,NA,0,0,0,0,0,0,0
88,H88,A45270489,Scioto,Scioto,Female,Female,0,1,0,11 m,0.9,11,Adolescence,Adolescence,0,1,Lab retriever mix,0,0,1,0,Medium,Medium,30,13.64,8/11/2020,8/11/2020,0,1,short,N,Y,Y,0,0,0,0,0,0,0,0,0,0,0,0,0,0,0,,0,0,0,NA,0,0,0,0,NA,0,0,0,0,0,0,0,0,0
102,H102,A45238869,Gallia,Gallia,Female,Female,0,1,0,11 m,0.9,11,Adolescence,Adolescence,0,1,boxer mix,0,0,1,0,Medium,Medium,42.5,19.32,8/6/2020,8/6/2020,0,1,short,N,Y,Y,0,0,0,0,0,0,0,0,0,0,0,0,0,0,0,,0,0,0,NA,0,0,0,0,NA,0,0,2,1,1,0,0,1,0
109,H109,A45326289,Lawrence,Lawrence,Female,Female,0,1,0,11 m,0.9,0.9,Puppy,Puppy,1,0,australian cattle dog,1,0,0,1,Small,Small,19.7,8.95,8/18/2020,8/17/2020,0,1,short,N,Y,N,NA,NA,NA,0,NA,0,0,0,,,,,,,,,0,0,0,NA,0,0,0,0,NA,0,0,1,1,0,0,0,0,0
124,H124,A45383364,Jackson,Jackson,Male,Male,0,0,1,11 m,0.9,11,Adolescence,Adolescence,0,1,boxer hound,0,1,0,0,Large,Large,47.5,21.59,8/30/2020,8/23/2020,0,1,short,N,Y,Y,1,0,1,0,0,2,1,1,0,0,0,0,0,0,0,,,,,NA,0,0,0,0,NA,0,0,0,0,0,0,0,0,0
46,H46,A44983994,Gallia,Gallia,Female,Female,0,1,0,2 m,0.2,2,Puppy,Puppy,0,1,mixed breed medium,0,0,0,1,Small,Small,9.2,4.18,7/1/2020,7/1/2020,0,1,short,N,Y,Y,0,0,0,0,0,0,0,0,0,0,0,0,0,0,0,,0,0,0,0,1,0,0,0,0,0,0,2,1,1,1,1,1,0
50,H50,A44984005,Gallia,Gallia,Male,Male,0,0,1,2 m,0.2,2,Puppy,Puppy,0,1,mixed breed large,0,0,0,1,Small,Small,17.3,7.86,7/1/2020,7/1/2020,0,1,short,N,Y,Y,0,0,0,0,0,0,0,0,0,0,0,0,0,0,0,,,,,0,0,0,0,0,0,0,0,0,0,NA,0,0,NA,0
56,H56,A45062833,Lawrence,Lawrence,Female,Female,0,1,0,2 m,0.2,2,Puppy,Puppy,0,1,Retriever mix,0,0,0,1,Small,Small,3.87,1.76,7/13/2020,7/24/2020,NA,NA,NA,Y,Y,Y,0,0,0,0,0,0,0,0,0,0,0,0,0,0,0,,,,,NA,NA,NA,NA,NA,NA,NA,NA,NA,NA,NA,NA,NA,NA,NA
61,H61,A45078952,Scioto,Scioto,Male,Male,0,0,1,2 m,0.2,0.2,Puppy,Puppy,1,0,chihuahua mix,0,0,0,1,Small,Small,2.6,1.18,7/15/2020,7/11/2020,0,1,short,N,Y,N,NA,NA,NA,0,NA,0,0,0,,,,,,,,,0,0,0,NA,0,0,NA,0,NA,0,0,0,0,0,0,0,0,0
97,H97,A45318550,Animal Friends Humane Society,Franklin,Male,Male,0,0,1,2 m,0.2,0.2,Puppy,Puppy,1,0,Pit bull mix,0,0,0,1,Small,Small,10.7,4.86,8/13/2020,na,0,1,short,N,Y,N,NA,NA,NA,0,NA,0,0,0,,,,,,,,,1,0,1,NA,0,0,0,0,NA,0,0,2,1,1,0,0,1,0
405,H405,A46364005,Gallia ,Gallia,Male ,Male ,0,0,0,2 m,0.2,2,Puppy,Puppy,0,1,mixed breed large,0,0,0,1,Small,Small,10.8,4.91,1/4/2021,12/29/2020,0,1,short,N,Y,Y,0,0,0,0,0,0,0,0,0,0,0,0,0,0,0,,0,0,0,NA,0,0,NA,0,NA,0,NA,0,0,0,0,0,0,0
133,H133,A45569173,Lawrence,Lawrence,Female,Female,0,1,0,2 y,2,2,Puppy,Puppy,0,1,Alaskan husky mix,0,1,0,0,Large,Large,49.5,22.5,9/21/2020,9/14/2020,1,0,Long,N,Y,N,NA,NA,NA,0,NA,0,0,0,,,,,,,,,,,,NA,NA,NA,NA,NA,NA,NA,NA,NA,NA,NA,NA,NA,NA,NA
146,H146,A45585573,Ross,Ross,Male,Male,0,0,1,2 y,2,2,Puppy,Puppy,0,1,boxer mix,0,0,1,0,Medium,Medium,36,16.36,9/23/2020,7/24/2020,0,1,short,N,Y,N,NA,NA,NA,0,NA,0,0,0,,,,,,,,,,,,NA,0,0,NA,0,NA,0,0,0,0,0,0,0,0,0
148,H148,A45880748,Jackson,Jackson,Male,Male,0,0,1,2 y,2,24,Adolescence,Adolescence,0,1,mixed breed large,0,1,0,0,Large,Large,103,46.82,10/13/2020,10/2/2020,0,1,short,N,Y,Y,0,0,0,0,0,0,0,0,,,,,,,,,,,,NA,0,0,NA,0,NA,0,0,0,0,NA,0,0,NA,0
150,H150,A45880814,Jackson,Jackson,Male,Male,0,0,1,2 y,2,24,Adolescence,Adolescence,0,1,american pit bull mix,0,1,0,0,Large,Large,51,23.18,10/13/2020,10/2/2020,0,1,short,N,Y,Y,0,0,0,0,0,0,0,0,,,,,,,,,,,,NA,0,0,NA,0,NA,0,0,0,0,0,0,0,0,0
162,H162,A45972170,Lawrence,Lawrence,Female,Female,0,1,0,2 y,2,24,Adolescence,Adolescence,0,1,mixed breed large,0,1,0,0,Large,Large,48,21.82,10/26/2020,10/19/2020,0,1,short,Y,Y ,Y,0,0,0,0,0,0,0,0,,,,,,,,,,,,NA,0,0,NA,0,NA,0,NA,1,1,NA,0,0,NA,0
92,H92,A45313103,Scioto,Scioto,Male ,Male ,0,0,0,2 y ,2,24,Adolescence,Adolescence,0,1,Treeing walker coonhound,1,1,0,0,Large,Large,63,28.64,8/17/2020,7/29/2020,0,1,short,N,Y,Y,0,0,0,0,0,0,0,0,0,0,0,0,0,0,0,,0,0,0,NA,0,0,0,0,NA,0,0,2,1,1,0,0,0,0
143,H143,A45617924,Jackson,Jackson,Male,Male,0,0,1,2 y ,2,24,Adolescence,Adolescence,0,1,beagle mix,0,0,0,1,Small,Small,20.5,9.32,9/28/2020,9/22/2020,0,1,short,N,Y,Y,0,0,0,NA,0,0,0,0,,,,,,,,,,,,NA,0,0,NA,0,NA,0,0,0,0,NA,0,0,NA,0
6,H6,A43894698,Gallia,Gallia,Male,Male,0,0,1,2 yr,2,24,Adolescence,Adolescence,0,1,mixed breed large,0,1,0,0,Large,Large,50,22.73,2/25/2020,2/19/2020,0,1,short,Y,Y,Y,1,0,1,1,0,3,1,1,0,0,0,0,0,0,0,,0,0,0,0,0,0,0,0,0,0,0,3,1,1,0,0,0,0
8,H8,A43986030,Lawrence,Lawrence,Female,Female,0,1,0,2 yr,2,24,Adolescence,Adolescence,0,1,mixed breed medium,0,0,1,0,Medium,Medium,42.5,19.32,3/9/2020,3/3/2020,0,1,short,N,Y,Y,1,0,1,0,0,2,1,1,0,0,0,0,0,0,0,,0,0,0,0,0,0,0,0,0,0,0,2,1,1,0,0,0,0
19,H19,A43936846,Lawrence,Lawrence,Female,Female,0,1,0,2 yr,2,24,Adolescence,Adolescence,0,1,boxer,1,1,0,0,Large,Large,49.5,22.5,3/2/2020,2/28/2020,0,1,short,N,Y,Y,1,0,0,0,0,1,1,0,0,0,0,0,0,0,0,,0,0,0,0,0,0,0,0,0,0,0,1,1,0,0,0,0,0
26,H26,A44399483,Gallia,Gallia,Female,Female,0,1,0,2 yr,2,24,Adolescence,Adolescence,0,1,mixed breed large,0,0,0,1,Small,Small,12,5.45,5/28/2020,5/26/2020,0,1,short,Y,N,Y,0,0,0,NA,0,0,0,0,0,0,0,0,0,0,0,,1,0,1,0,0,0,0,0,0,0,0,3,1,1,0,0,0,0
34,H34,A45029601,Ross,Ross,Female,Female,0,1,0,2 yr,2,24,Adolescence,Adolescence,0,1,beagle mix,0,0,1,0,Medium,Medium,28.5,12.95,7/8/2020,6/16/2020,0,1,short,N,Y,Y,0,0,0,0,0,0,0,0,0,0,0,0,0,0,0,,0,0,0,0,1,0,0,0,0,0,0,3,1,1,1,1,1,0
41,H41,A45044729,Jackson,Jackson,Female,Female,0,1,0,2 yr,2,24,Adolescence,Adolescence,0,1,border collie mix,0,1,0,0,Large,Large,53,24.09,7/10/2020,6/29/2020,0,1,short,N,Y,Y,0,0,0,1,0,1,1,0,,,,,,,,,0,0,0,0,0,0,0,0,0,0,0,0,0,0,0,0,0,0
42,H42,A44983964,Gallia,Gallia,Female,Female,0,1,0,2 yr,2,24,Adolescence,Adolescence,0,1,mixed breed large,0,0,1,0,Medium,Medium,28.5,12.95,7/1/2020,7/1/2020,0,1,short,N,Y,Y,0,0,0,1,0,1,1,0,0,0,0,0,0,0,0,,,,,0,0,0,0,0,0,1,0,1,1,0,1,1,1,0
45,H45,A44966914,Lawrence,Lawrence,Female,Female,0,1,0,2 yr,2,24,Adolescence,Adolescence,0,1,"cur, mountain mix",0,0,1,0,Medium,Medium,28,12.73,6/29/2020,6/26/2020,0,1,short,Y,Y,Y,1,0,0,1,0,2,1,1,0,0,0,0,0,0,0,,0,0,0,0,0,0,0,0,0,0,0,0,0,0,0,0,0,0
52,H52,A45020332,Scioto,Scioto,Male,Male,0,0,1,2 yr,2,24,Adolescence,Adolescence,0,1,mixed breed medium,0,0,1,0,Medium,Medium,27,12.27,7/7/2020,6/18/2020,0,1,short,Y,Y,Y,1,0,1,1,0,3,1,1,0,0,0,0,0,0,0,,0,0,0,0,0,0,0,0,0,0,0,2,1,1,0,0,1,0
64,H64,A45163295,Ross,Ross,Male ,Male ,0,0,0,2 yr,2,24,Adolescence,Adolescence,0,1,"setter, lab mix",0,0,1,0,Medium,Medium,41,18.64,7/27/2020,7/23/2020,1,0,Long,N,Y,Y,0,0,0,0,0,0,0,0,0,0,0,0,0,0,0,,0,0,0,NA,0,0,NA,0,NA,0,0,0,0,0,0,0,0,0
66,H66,A45163366,Ross,Ross,Female,Female,0,1,0,2 yr,2,24,Adolescence,Adolescence,0,1,mixed breed large,0,0,1,0,Medium,Medium,43.5,19.77,7/27/2020,7/15/2020,0,1,short,N,Y,Y,0,0,0,0,0,0,0,0,0,0,0,0,0,0,0,,0,0,0,NA,0,0,NA,0,NA,0,0,0,0,0,0,0,0,0
71,H71,A45187503,Scioto,Scioto,Male,Male,0,0,1,2 yr,2,24,Adolescence,Adolescence,0,1,hound mix,0,0,1,0,Medium,Medium,42.5,19.32,7/30/2020,7/6/2020,0,1,short,N,Y,Y,0,0,0,0,0,0,0,0,0,0,0,0,0,0,0,,0,0,0,NA,0,0,NA,0,NA,0,0,0,0,0,0,0,0,0
167,H167,A45979083,Jackson,Jackson,Male,Male,0,0,1,2 yr,2,24,Adolescence,Adolescence,0,1,beagle mix,0,0,1,0,Medium,Medium,24.3,11.05,10/27/2020,10/20/2020,0,1,short,N,Y,Y,0,0,0,0,0,0,0,0,,,,,,,,,,,,NA,0,0,NA,0,NA,0,NA,0,0,0,0,0,0,0
168,H168,A46000880,Jackson,Jackson,Female,Female,0,1,0,2 yr,2,24,Adolescence,Adolescence,0,1,bulldog mix,0,1,0,0,Large,Large,61,27.73,10/30/2020,10/30/2020,0,1,short,N,Y,Y,0,0,0,0,0,0,0,0,,,,,,,,,0,0,0,NA,0,0,NA,0,NA,0,NA,2,1,1,0,0,0,0
169,H169,A46025389,Ross,Ross,Male,Male,0,0,1,2 yr,2,24,Adolescence,Adolescence,0,1,mixed breed medium,0,0,1,0,Medium,Medium,32.5,14.77,11/3/2020,10/29/2020,0,1,short,Y,Y,Y,0,0,0,1,0,1,1,0,,,,,,,,,,,,NA,0,0,NA,0,NA,0,NA,1,1,0,0,0,0,0
173,H173,A46063107,Jackson,Jackson,Female,Female,0,1,0,2 yr,2,24,Adolescence,Adolescence,0,1,chihuahua,1,0,0,1,Small,Small,15.7,7.14,11/16/2020,11/7/2020,0,1,short,N,Y,Y,0,0,0,0,0,0,0,0,,,,,,,,,0,0,0,NA,0,0,NA,0,NA,0,NA,1,1,0,0,0,0,0
176,H176,A46017629,Scioto,Scioto,Male,Male,0,0,1,2 yr,2,24,Adolescence,Adolescence,0,1,amer bulldog mix,0,1,0,0,Large,Large,63,28.64,11/2/2020,10/28/2020,0,1,short,N,Y,Y,0,0,0,1,0,1,1,0,0,0,0,0,0,0,0,,,,,NA,0,0,NA,0,NA,0,NA,0,0,0,0,0,0,0
196,H196,A46113836,Gallia,Gallia,Male,Male,0,0,1,2 yr,2,24,Adolescence,Adolescence,0,1,Lab retriever mix,0,1,0,0,Large,Large,63.5,28.86,11/17/2020,11/16/2020,0,1,short,Y,Y,Y,1,0,1,0,0,2,1,1,0,0,0,0,0,0,0,,0,0,0,NA,0,0,NA,0,NA,0,NA,1,1,0,0,0,0,0
366,H366,A46370382,Ross,Ross,Female,Female,0,1,0,2 yr,2,24,Adolescence,Adolescence,0,1,mixed breed medium,0,0,1,0,Medium,Medium,41.5,18.86,1/5/2021,12/29/2020,0,1,short,N,Y,Y,0,0,0,0,0,0,0,0,0,0,0,0,0,0,0,,,,,NA,0,0,NA,0,NA,0,NA,0,0,0,0,0,0,0
382,H382,A46203715,Gallia,Gallia,Female,Female,0,1,0,2 yr,2,24,Adolescence,Adolescence,0,1,pointer mix,0,1,0,0,Large,Large,46,20.91,1/11/2021,11/23/2020,0,1,short,N,Y,Y,1,0,1,0,0,2,1,1,0,0,0,0,0,0,0,,,,,NA,0,0,NA,0,NA,0,NA,0,0,0,0,0,0,0
383,H383,A46272385,Ross,Ross,Male,Male,0,0,1,2 yr,2,24,Adolescence,Adolescence,0,1,coonhound mix,0,1,0,0,Large,Large,50,22.73,12/15/2020,12/11/2020,0,1,short,N,Y,Y,0,0,0,0,0,0,0,0,,,,,,,,,0,0,0,NA,0,0,NA,0,NA,0,NA,1,1,0,0,0,0,0
390,H390,A46272394,Ross,Ross,Female,Female,0,1,0,2 yr,2,24,Adolescence,Adolescence,0,1,mixed breed large,0,1,0,0,Large,Large,51,23.18,12/15/2020,na,0,1,short,N,Y,Y,0,0,0,0,0,0,0,0,0,0,0,0,0,0,0,,0,0,0,NA,0,0,NA,0,NA,0,NA,1,1,0,0,0,0,0
399,H399,A46272349,Ross,Ross,Male,Male,0,0,1,2 yr,2,24,Adolescence,Adolescence,0,1,labrador retriever,1,1,0,0,Large,Large,48,21.82,12/15/2020,12/10/2020,0,1,short,Y,Y,Y,1,1,1,0,0,3,1,1,0,0,0,0,0,0,0,,0,0,0,NA,0,0,NA,0,NA,0,NA,2,1,1,0,0,0,0
404,H404,A46363813,Gallia,Gallia,Male,Male,0,0,1,2 yr,2,24,Adolescence,Adolescence,0,1,mixed breed large,0,1,0,0,Large,Large,45.5,20.68,1/4/2021,1/4/2021,1,0,Long,N,Y,Y,0,0,0,0,0,0,0,0,0,0,0,0,0,0,0,,0,0,0,NA,0,0,NA,0,NA,0,NA,2,1,1,0,0,0,0
408,H408,A46231415,Ross,Ross,Male,Male,0,0,1,2 yr,2,24,Adolescence,Adolescence,0,1,mixed breed large,0,0,1,0,Medium,Medium,40,18.18,12/8/2020,12/3/2020,NA,NA,NA,N,Y,Y,1,0,1,0,0,2,1,1,NA,,,,,,,,0,0,0,NA,0,0,NA,0,NA,0,NA,0,0,0,0,0,0,0
411,H411,A46409976,Lawrence ,Lawrence, Female, Female,0,0,0,2 yr ,2,24,Adolescence,Adolescence,0,1,mixed breed large,0,1,0,0,Large,Large,46,20.91,1/12/2021,1/4/2021,0,1,short,N,Y,Y,0,0,0,0,0,0,0,0,0,0,0,0,0,0,0,,0,0,0,NA,0,0,NA,0,NA,0,NA,0,0,0,0,0,0,0
75,H75,A45180106,Gallia,Gallia,Female,Female,0,1,0,2.5 yr,2.5,30,Adult,Adult,0,1,mixed breed medium,0,0,1,0,Medium,Medium,33.5,15.23,7/29/2020,7/29/2020,0,1,short,N,Y,Y,0,0,0,0,0,0,0,0,0,0,0,0,0,0,0,,0,0,0,NA,0,0,NA,0,NA,0,0,0,0,0,0,0,0,0
166,H166,A45979072,Jackson,Jackson,Female,Female,0,1,0,2.5 yr,2.5,30,Adult,Adult,0,1,doberman,1,1,0,0,Large,Large,65.5,29.77,10/27/2020,10/22/2020,0,1,short,N,Y,Y,0,0,0,1,0,1,1,0,,,,,,,,,0,0,0,NA,0,0,NA,0,NA,0,NA,2,1,1,0,0,0,0
29,H29,A44895667,Delaware,Delaware,Female,Female,0,1,0,3 m,0.3,0.3,Puppy,Puppy,1,0,great pyrenese mix,0,0,0,1,Small,Small,12,5.45,6/18/2020,NA,1,0,Long,N,Y,N,NA,NA,NA,0,NA,0,0,0,,,,,,,,,0,0,0,0,0,0,0,0,0,1,0,0,0,0,1,0,0,1
35,H35,A44949457,Jackson,Jackson,Male,Male,0,0,1,3 m,0.3,3,Puppy,Puppy,0,1,retriver mix,0,0,1,0,Medium,Medium,28.5,12.95,6/26/2020,6/24/2020,0,1,short,N,Y,Y,0,0,0,1,0,1,1,0,0,0,0,0,0,0,0,,0,0,0,0,0,0,0,0,0,0,0,0,0,0,0,0,0,0
49,H49,A44895653,Delaware,Delaware,Female,Female,0,1,0,3 m,0.3,0.3,Puppy,Puppy,1,0,great pyrenese mix,0,0,0,1,Small,Small,17.6,8,6/18/2020,NA,1,0,Long,N,Y,N,NA,NA,NA,0,NA,0,0,0,,,,,,,,,1,0,1,0,0,0,0,0,0,0,0,2,1,1,0,0,0,0
90,H90,A45280691,Gallia,Gallia,Female,Female,0,1,0,3 m,0.3,3,Puppy,Puppy,0,1,Australian shepherd mix,0,0,0,1,Small,Small,6.3,2.86,8/12/2020,8/12/2020,NA,NA,NA,N,Y,Y,1,0,1,0,0,2,1,1,0,0,0,0,0,0,0,,0,0,0,NA,0,0,0,0,NA,0,0,1,1,0,0,0,0,0
91,H91,A45280709,Gallia,Gallia,Male ,Male ,0,0,0,3 m,0.3,3,Puppy,Puppy,0,1,australian shepherd mix,0,0,0,1,Small,Small,6.2,2.82,8/12/2020,8/12/2020,NA,NA,NA,N,Y,Y,1,0,1,0,0,2,1,1,0,0,0,0,0,0,0,,0,0,0,NA,0,0,0,0,NA,0,0,2,1,1,0,0,0,0
105,H105,A45280700,Gallia,Gallia,Female,Female,0,1,0,3 m,0.3,3,Puppy,Puppy,0,1,Australian shepherd,1,0,0,1,Small,Small,5.6,2.55,8/12/2020,8/12/2020,NA,NA,NA,Y,Y,Y,1,0,1,NA,0,2,1,1,0,0,0,0,0,0,0,,0,0,0,NA,0,0,0,0,NA,0,0,0,0,0,0,0,0,0
113,H113,A45331072,Jackson,Jackson,Female,Female,0,1,0,3 m,0.3,3,Puppy,Puppy,0,1,great pyrenese mix,0,0,0,1,Small,Small,7.18,3.26,8/19/2020,8/18/2020,1,0,Long,Y,N,Y,0,0,0,NA,0,0,0,0,0,0,0,0,0,0,0,,,,,NA,0,0,0,0,NA,0,0,1,1,NA,0,0,NA,0
114,H114,A45331079,Jackson,Jackson,Female,Female,0,1,0,3 m,0.3,3,Puppy,Puppy,0,1,great pyrenese mix,0,0,0,1,Small,Small,7.8,3.55,8/19/2020,8/18/2020,1,0,Long,Y,N,Y,0,0,0,NA,0,0,0,0,0,0,0,0,0,0,0,,,,,NA,NA,NA,NA,NA,NA,NA,NA,0,0,0,0,0,0,0
120,H120,A45366903,Scioto,Scioto,Female,Female,0,1,0,3 m,0.3,3,Puppy,Puppy,0,1,hound mix,0,0,0,1,Small,Small,7.4,3.36,8/24/2020,8/21/2020,0,1,short,Y,Y,Y,0,0,0,0,0,0,0,0,0,0,0,0,0,0,0,,1,0,1,NA,0,0,0,0,NA,0,0,2,1,1,0,0,0,0
121,H121,A45366879,Scioto,Scioto,Male,Male,0,0,1,3 m,0.3,3,Puppy,Puppy,0,1,hound mix,0,0,0,1,Small,Small,6.8,3.09,8/24/2020,8/21/2020,0,1,short,Y,Y,Y,0,0,0,0,0,0,0,0,0,0,0,0,0,0,0,,0,0,0,NA,0,0,0,0,NA,0,0,3,1,1,0,0,0,0
123,H123,A45331089,Jackson,Jackson,Female,Female,0,1,0,3 m,0.3,0.3,Puppy,Puppy,1,0,mixed breed medium,0,0,0,1,Small,Small,7.6,3.45,8/19/2020,8/18/2020,NA,NA,NA,N,Y,N,NA,NA,NA,0,NA,0,0,0,,,,,,,,,0,0,0,NA,0,0,0,0,NA,0,0,0,0,0,0,0,0,0
136,H136,A45331050,Jackson,Jackson,Male,Male,0,0,1,3 m,0.3,3,Puppy,Puppy,0,1,great pyrenese mix,0,0,0,1,Small,Small,9.3,4.23,8/19/2020,8/18/2020,NA,NA,NA,Y,Y,Y,0,0,0,0,0,0,0,0,0,0,0,0,0,0,0,,,,,NA,0,0,0,0,NA,0,0,0,0,NA,0,0,NA,0
425,H425,A46363961,Gallia,Gallia,Male ,Male ,0,0,0,3 m ,0.3,3,Puppy,Puppy,0,1,Lab retriever mix,0,0,0,1,Small,Small,15.6,7.09,1/4/2021,12/26/2020,0,1,short,N,Y,Y,0,0,0,0,0,0,0,0,0,0,0,0,0,0,0,,0,0,0,NA,0,0,NA,0,NA,0,NA,2,1,1,0,0,0,0
431,H431,A46363968,Gallia,Gallia,Male ,Male ,0,0,0,3 m ,0.3,3,Puppy,Puppy,0,1,Lab retriever mix,0,0,0,1,Small,Small,14.9,6.77,1/4/2021,12/26/2020,0,1,short,N,Y,Y,0,0,0,0,0,0,0,0,0,0,0,0,0,0,0,,0,0,0,NA,0,0,NA,0,NA,0,NA,0,0,0,0,0,0,0
367,H367,A46264212,Ross,Ross,Female,Female,0,1,0,3 mo,0.3,0.3,Puppy,Puppy,1,0,mixed breed medium,0,0,0,1,Small,Small,13.42,6.1,12/14/2020,na,0,1,short,N,Y,N,NA,NA,NA,0,NA,0,0,0,,,,,,,,,0,0,0,NA,0,0,NA,0,NA,0,NA,1,1,0,0,0,0,0
401,H401,A46363912,Gallia,Gallia,Male ,Male ,0,0,0,3 mo,0.3,3,Puppy,Puppy,0,1,Lab retriever mix,0,0,0,1,Small,Small,14.3,6.5,1/4/2021,1/4/2021,0,1,short,N,Y,Y,0,0,0,0,0,0,0,0,0,0,0,0,0,0,0,,,,,NA,0,0,NA,0,NA,0,NA,0,0,0,0,0,0,0
381,H381,A46231453,Ross,Ross,Male,Male,0,0,1,3 months,0.3,0.3,Puppy,Puppy,1,0,american pit bull mix,0,0,0,1,Small,Small,16,7.27,12/8/2020,11/12/2020,0,1,short,N,Y,N,NA,NA,NA,0,NA,0,0,0,,,,,,,,,,,,NA,0,0,NA,0,NA,0,NA,1,1,0,0,0,0,0
410,H410,A46231450,Ross,Ross,Male,Male,0,0,1,3 months,0.3,0.3,Puppy,Puppy,1,0,american pit bull mix,0,0,0,1,Small,Small,16,7.27,12/8/2020,11/12/2020,NA,NA,NA,N,Y,N,NA,NA,NA,0,NA,0,0,0,,,,,,,,,0,0,0,NA,0,0,NA,0,NA,0,NA,0,0,0,0,0,0,0
415,H415,A46363898,Gallia,Gallia,Male ,Male ,0,0,0,3 months,0.3,3,Puppy,Puppy,0,1,Lab retriever mix,0,0,0,1,Small,Small,18.1,8.23,1/4/2021,1/4/2021,0,1,short,N,Y,Y,0,0,0,0,0,0,0,0,0,0,0,0,0,0,0,,0,0,0,NA,0,0,NA,0,NA,0,NA,0,0,0,0,0,0,0
416,H416,A46363994,Gallia ,Gallia,Female ,Female ,0,0,0,3 months,0.3,3,Puppy,Puppy,0,1,Lab retriever mix,0,0,0,1,Small,Small,15.7,7.14,1/4/2021,12/26/2020,0,1,short,N,Y,Y,0,0,0,0,0,0,0,0,0,0,0,0,0,0,0,,0,0,0,NA,0,0,NA,0,NA,0,NA,1,1,0,0,0,0,0
423,H423,A46363929,Gallia,Gallia,Female ,Female ,0,0,0,3 months,0.3,3,Puppy,Puppy,0,1,Lab retriever mix,0,0,0,1,Small,Small,9.1,4.14,1/4/2021,1/4/2021,0,1,short,N,Y,Y,0,0,0,0,0,0,0,0,0,0,0,0,0,0,0,,0,0,0,NA,0,0,NA,0,NA,0,NA,1,1,0,0,0,0,0
427,H427,A46363878,Gallia,Gallia,Female ,Female ,0,0,0,3 months,0.3,3,Puppy,Puppy,0,1,Lab retriever mix,0,0,0,1,Small,Small,18.3,8.32,1/4/2021,1/4/2021,0,1,short,N,Y,Y,0,0,0,0,0,0,0,0,0,0,0,0,0,0,0,,0,0,0,NA,0,0,NA,0,NA,0,NA,0,0,0,0,0,0,0
428,H428,A46363979,Gallia,Gallia,Female ,Female ,0,0,0,3 months,0.3,3,Puppy,Puppy,0,1,Lab retriever mix,0,0,0,1,Small,Small,13,5.91,1/4/2021,12/26/2020,0,1,short,N,Y,Y,0,0,0,0,0,0,0,0,0,0,0,0,0,0,0,,0,0,0,NA,0,0,NA,0,NA,0,NA,0,0,0,0,0,0,0
110,H110,A45331026,Jackson,Jackson,Female,Female,0,1,0,3 y,3,3,Puppy,Puppy,0,1,american cocker spaniel,1,0,0,1,Small,Small,18.9,8.59,8/19/2020,8/15/2020,0,1,short,N,Y,N,NA,NA,NA,0,NA,0,0,0,,,,,,,,,0,0,0,NA,0,0,0,0,NA,0,0,0,0,0,0,0,0,0
118,H118,A45366575,Scioto,Scioto,Male,Male,0,0,1,3 y,3,36,Adult,Adult,0,1,hound retriever mix,0,1,0,0,Large,Large,77,35,8/24/2020,8/17/2020,0,1,short,N,Y,Y,1,0,1,0,0,2,1,1,0,0,0,0,0,0,0,,0,0,0,NA,0,0,0,0,NA,0,0,1,1,0,0,0,0,0
119,H119,A45366520,Scioto,Scioto,Male,Male,0,0,1,3 y,3,36,Adult,Adult,0,1,labrador retriever,1,0,1,0,Medium,Medium,40,18.18,8/24/2020,8/12/2020,0,1,short,N,Y,Y,1,0,1,1,0,3,1,1,0,0,0,0,0,0,0,,0,0,0,NA,0,0,0,0,NA,0,0,0,0,0,0,0,0,0
126,H126,A45326237,Lawrence,Lawrence,Male,Male,0,0,1,3 y,3,3,Puppy,Puppy,0,1,beagle mix,0,0,1,0,Medium,Medium,43.5,19.77,8/18/2020,8/12/2020,0,1,short,N,Y,N,NA,NA,NA,0,NA,0,0,0,,,,,,,,,0,0,0,NA,1,0,0,0,NA,0,0,2,1,1,1,1,1,0
128,H128,A45480434,Gallia,Gallia,Female,Female,0,1,0,3 y,3,36,Adult,Adult,0,1,mixed breed large,0,0,1,0,Medium,Medium,36.3,16.5,9/9/2020,9/8/2020,0,1,short,N,Y,Y,0,0,0,0,0,0,0,0,0,0,0,0,0,0,0,,,,,NA,0,0,0,0,NA,0,0,0,0,NA,0,0,NA,0
131,H131,A45496221,CHA: Citizen's Humane Alliance,Franklin,Male,Male,0,0,1,3 y,3,3,Puppy,Puppy,0,1,shih tzu mix,0,0,0,1,Small,Small,9.5,4.32,9/11/2020,9/11/2020,NA,NA,NA,N,Y,N,NA,NA,NA,NA,NA,0,0,0,,,,,,,,,0,0,0,NA,0,0,0,0,NA,0,0,1,1,0,0,0,0,0
134,H134,A45569083,Lawrence,Lawrence,Male,Male,0,0,1,3 y,3,3,Puppy,Puppy,0,1,border collie mix,0,0,1,0,Medium,Medium,32,14.55,9/21/2020,9/16/2020,0,1,short,N ,Y,N,NA,NA,NA,0,NA,0,0,0,,,,,,,,,,,,NA,0,0,0,0,NA,0,0,0,0,NA,0,0,NA,0
135,H135,A45569009,Lawrence,Lawrence,Male,Male,0,0,1,3 y,3,3,Puppy,Puppy,0,1,mixed breed large,0,0,1,0,Medium,Medium,41.5,18.86,9/21/2020,9/17/2020,1,0,Long,N,Y,N,NA,NA,NA,0,NA,0,0,0,,,,,,,,,,,,NA,0,0,0,0,NA,0,0,0,0,NA,0,0,NA,0
141,H141,A45585558,Ross,Ross,Female,Female,0,1,0,3 y,3,3,Puppy,Puppy,0,1,american pit bull mix,0,0,1,0,Medium,Medium,38,17.27,9/23/2020,9/21/2020,0,1,short,N,Y,N,NA,NA,NA,0,NA,0,0,0,,,,,,,,,,,,NA,0,0,NA,0,NA,0,0,0,0,NA,0,0,NA,0
149,H149,A45880768,Jackson,Jackson,Female,Female,0,1,0,3 y,3,36,Adult,Adult,0,1,mixed breed medium,0,0,1,0,Medium,Medium,43,19.55,10/13/2020,10/13/2020,1,0,Long,N,Y,Y,0,0,1,0,0,1,1,0,0,0,0,0,0,0,0,,,,,NA,0,0,NA,0,NA,0,0,0,0,NA,0,0,NA,0
164,H164,A45972128,Lawrence,Lawrence,Female,Female,0,1,0,3 y,3,36,Adult,Adult,0,1,coonhound,1,0,1,0,Medium,Medium,40,18.18,10/26/2020,10/22/2020,0,1,short,N,Y,Y,0,0,0,0,0,0,0,0,,,,,,,,,,,,NA,0,0,NA,0,NA,0,NA,0,0,0,0,0,0,0
165,H165,A45972022,Lawrence,Lawrence,Male,Male,0,0,1,3 y,3,36,Adult,Adult,0,1,Lab retriever mix,0,1,0,0,Large,Large,63.5,28.86,10/26/2020,9/28/2020,0,1,short,N,Y,Y,1,0,1,0,0,2,1,1,0,0,0,0,0,0,0,,,,,NA,0,0,NA,0,NA,0,NA,0,0,0,0,0,0,0
161/435,H161/H435,A45940089,Gallia,Gallia,Male,Male,0,0,1,3 y,3,36,Adult,Adult,0,1,mixed breed medium,0,0,1,0,Medium,Medium,27.5,12.5,10/21/2020,10/21/2020,0,1,short,Y,Y,Y,0,0,0,0,0,0,0,0,,,,,,,,,0,0,0,NA,0,0,NA,0,NA,0,NA,2,1,1,0,0,0,0
1,H1,A43723940,Gallia,Gallia,Female,Female,0,1,0,3 yr,3,36,Adult,Adult,0,1,mixed ,0,1,0,0,Large,Large,54.34,24.7,1/30/2020,1/30/2020,0,1,short,Y,Y,Y,0,0,0,1,1,1,1,0,0,0,0,0,0,0,0,,0,0,0,0,0,0,0,0,0,0,0,1,1,0,0,0,1,0
5,H5,A43894530,Gallia,Gallia,Female,Female,0,1,0,3 yr,3,36,Adult,Adult,0,1,Lab retriever mix,0,1,0,0,Large,Large,49,22.27,2/25/2020,2/24/2020,0,1,short,N,Y,Y,0,0,0,0,0,0,0,0,0,0,0,0,0,0,0,,0,0,0,0,0,0,0,0,0,0,0,0,0,0,0,0,0,0
7,H7,A43894729,Gallia,Gallia,Female,Female,0,1,0,3 yr,3,36,Adult,Adult,0,1,Lab retriever mix,0,0,1,0,Medium,Medium,41.5,18.86,2/25/2020,2/24/2020,0,1,short,N,Y,Y,0,0,0,0,0,0,0,0,0,0,0,0,0,0,0,,0,0,0,0,0,0,0,0,0,0,0,0,0,0,0,0,0,0
11,H11,A43985993,Lawrence,Lawrence,Female,Female,0,1,0,3 yr,3,36,Adult,Adult,0,1,Australian shepherd mix,0,1,0,0,Large,Large,51,23.18,3/9/2020,3/3/2020,0,1,short,N,Y,Y,0,0,0,0,0,0,0,0,0,0,0,0,0,0,0,,0,0,0,0,0,0,0,0,0,0,0,0,0,0,0,0,0,0
27,H27,A45029634,Ross,Ross,Male ,Male ,0,0,0,3 yr,3,36,Adult,Adult,0,1,coonhound mix,0,1,0,0,Large,Large,59,26.82,7/8/2020,7/6/2020,0,1,short,N,Y,Y,0,0,0,0,0,0,0,0,,,,,,,,,0,0,0,NA,NA,NA,NA,NA,NA,NA,NA,0,0,0,0,0,0,0
39,H39,A45029611,Ross,Ross,Male,Male,0,0,1,3 yr,3,36,Adult,Adult,0,1,australian cattle dog mix,0,0,1,0,Medium,Medium,25,11.36,7/8/2020,6/19/2020,0,1,short,N,Y,Y,0,0,0,1,0,1,1,0,0,0,0,0,0,0,0,,0,0,0,0,0,0,0,0,0,0,0,0,0,0,0,0,0,0
40,H40,A45029650,Ross,Ross,Female,Female,0,1,0,3 yr,3,36,Adult,Adult,0,1,mixed breed medium,0,0,1,0,Medium,Medium,28.5,12.95,7/8/2020,6/19/2020,0,1,short,N,Y,Y,0,0,0,0,0,0,0,0,0,0,0,0,0,0,0,,0,0,0,0,0,0,0,0,0,0,0,1,1,0,0,0,0,0
51,H51,A45020384,Scioto,Scioto,Male,Male,0,0,1,3 yr,3,36,Adult,Adult,0,1,retriver mix,0,1,0,0,Large,Large,50,36,7/7/2020,6/27/2020,0,1,short,N,Y,Y,1,0,1,0,1,2,1,1,0,0,0,0,0,0,0,,0,0,0,0,0,0,0,0,0,0,0,0,0,0,0,0,0,0
69,H69,A45187429,Scioto,Scioto,Male,Male,0,0,1,3 yr,3,36,Adult,Adult,0,1,terrier mix,0,0,1,0,Medium,Medium,26,11.82,7/30/2020,7/22/2020,0,1,short,N,Y,Y,0,0,0,0,0,0,0,0,0,0,0,0,0,0,0,,0,0,0,NA,0,0,NA,0,NA,0,0,0,0,0,0,0,0,0
78,H78,A45212872,Ross,Ross,Female,Female,0,1,0,3 yr,3,36,Adult,Adult,0,1,Retriever mix,0,1,0,0,Large,Large,55,25,8/3/2020,7/4/2020,0,1,short,Y,Y,Y,0,0,0,0,0,0,0,0,0,0,0,0,0,0,0,,,,,NA,0,0,NA,0,NA,0,0,0,0,NA,0,0,NA,0
93,H93,A45313128,Scioto,Scioto,Female,Female,0,1,0,3 yr,3,36,Adult,Adult,0,1,mixed breed large,0,1,0,0,Large,Large,66,30,8/17/2020,8/11/2020,0,1,short,N,Y,Y,1,0,0,1,0,2,1,1,0,0,0,0,0,0,0,,0,0,0,NA,0,0,0,0,NA,0,0,0,0,0,0,0,0,0
100,H100,A45238785,Gallia,Gallia,Female,Female,0,1,0,3 yr,3,36,Adult,Adult,0,1,australian cattle dog mix,0,0,1,0,Medium,Medium,36,16.36,8/6/2020,8/6/2020,0,1,short,,Y,Y,1,0,1,0,1,2,1,1,0,0,0,0,0,0,0,,0,0,0,NA,0,0,0,0,NA,0,0,3,1,1,0,0,0,0
156,H156,A45946371,Jackson,Jackson,Male,Male,0,0,1,3 yr,3,36,Adult,Adult,0,1,Retriever mix,0,0,1,0,Medium,Medium,39,17.73,10/22/2020,10/19/2020,0,1,short,N ,Y,Y,0,0,0,0,0,0,0,0,,,,,,,,,,,,NA,0,0,NA,0,NA,0,NA,0,0,0,0,0,0,0
157,H157,A45946378,Jackson,Jackson,Female,Female,0,1,0,3 yr,3,36,Adult,Adult,0,1,Retriever mix,0,0,1,0,Medium,Medium,35.5,16.14,10/22/2020,10/19/2020,0,1,short,N,Y,Y,0,0,0,0,0,0,0,0,,,,,,,,,,,,NA,0,0,NA,0,NA,0,NA,0,0,NA,0,0,NA,0
171,H171,A46032873,Jackson,Jackson,Male,Male,0,0,1,3 yr,3,36,Adult,Adult,0,1,mixed breed medium,0,0,1,0,Medium,Medium,43,19.55,11/4/2020,10/30/2020,1,0,Long,Y,Y,Y,1,0,0,0,0,1,1,0,0,0,0,0,0,0,0,,,,,NA,0,0,NA,0,NA,0,NA,0,0,0,0,0,0,0
172,H172,A46032562,Jackson,Jackson,Female,Female,0,1,0,3 yr,3,36,Adult,Adult,0,1,mixed breed medium,0,0,1,0,Medium,Medium,40,18.18,11/20/2020,10/30/2020,1,0,Long,Y,Y,Y,1,0,0,0,0,1,1,0,0,0,0,0,0,0,0,,,,,NA,0,0,NA,0,NA,0,NA,1,1,0,0,0,0,0
174,H174,A46063238,Jackson,Jackson,Male,Male,0,0,1,3 yr,3,36,Adult,Adult,0,1,hound mix,0,0,0,1,Small,Small,22,10,11/9/2020,11/5/2020,0,1,short,N,Y,Y,1,0,0,0,0,1,1,0,0,0,0,0,0,0,0,,0,0,0,NA,0,0,NA,0,NA,0,NA,1,1,0,0,0,0,0
177,H177,A46017613,Scioto,Scioto,Male,Male,0,0,1,3 yr,3,36,Adult,Adult,0,1,amer staffordshire terrier mix,0,1,0,0,Large,Large,64.5,29.32,11/2/2020,10/27/2020,0,1,short,N,Y,Y,0,0,0,0,0,0,0,0,0,0,0,0,0,0,0,,0,0,0,NA,0,0,NA,0,NA,0,NA,1,1,0,0,0,0,0
181,H181,A45946378,Jackson,Jackson,Female,Female,0,1,0,3 yr,3,36,Adult,Adult,0,1,Retriever mix,0,0,1,0,Medium,Medium,35.5,16.14,10/22/2020,10/19/2020,0,1,short,N,Y,Y,0,0,0,0,0,0,0,0,0,0,0,0,0,0,0,,1,0,1,NA,0,0,NA,0,NA,0,NA,2,1,1,0,0,0,0
182,H182,A45972061,Lawrence,Lawrence,Male,Male,0,0,1,3 yr,3,36,Adult,Adult,0,1,coonhound,1,1,0,0,Large,Large,56,25.45,10/26/2020,10/21/2020,0,1,short,N,Y,Y,0,0,1,0,0,1,1,0,0,0,0,0,0,0,0,,0,0,0,NA,0,0,NA,0,NA,0,NA,0,0,0,0,0,0,0
187,H187,A46032852,Jackson,Jackson,Male,Male,0,0,1,3 yr,3,36,Adult,Adult,0,1,shepherd/siberian husky mix,0,0,1,0,Medium,Medium,43,19.55,11/4/2020,10/30/2020,0,1,short,N,Y,Y,0,0,1,0,0,1,1,0,0,0,0,0,0,0,0,,0,0,0,NA,0,0,NA,0,NA,0,NA,1,1,0,0,0,0,0
194,H194,A46017655,Scioto,Scioto,Male,Male,0,0,1,3 yr,3,36,Adult,Adult,0,1,mixed breed medium,0,0,1,0,Medium,Medium,34,15.45,11/2/2020,11/2/2020,0,1,short,Y,Y,Y,0,0,0,0,0,0,0,0,0,0,0,0,0,0,0,,0,0,0,NA,0,0,NA,0,NA,0,NA,0,0,0,0,0,0,0
380,H380,A46203762,Gallia,Gallia,Female,Female,0,1,0,3 yr,3,36,Adult,Adult,0,1,boxer mix,0,1,0,0,Large,Large,63,28.64,12/3/2020,12/3/2020,0,1,short,N,Y,Y,0,0,0,0,0,0,0,0,0,0,0,0,0,0,0,,0,0,0,NA,0,0,NA,0,NA,0,NA,0,0,0,0,0,0,0
385,H385,A46370423,Ross,Ross,Male,Male,0,0,1,3 yr,3,36,Adult,Adult,0,1,australian cattle dog,1,0,1,0,Medium,Medium,43,19.55,1/5/2021,1/4/2020,0,1,short,N,Y,Y,1,0,1,1,0,3,1,1,0,0,0,0,0,0,0,,,,,NA,0,0,NA,0,NA,0,NA,0,0,NA,0,0,NA,0
413,H413,A46409913,Lawrence ,Lawrence,Female,Female,0,1,0,3 yr,3,36,Adult,Adult,0,1,mixed breed ,0,0,1,0,Medium,Medium,43.5,19.77,1/12/2021,1/4/2021,0,1,short,Y,Y,Y,1,0,1,0,0,2,1,1,0,0,0,0,0,0,0,,0,0,0,NA,0,0,NA,0,NA,0,NA,1,1,0,0,0,0,0
419,H419,A46403318,Gallia,Gallia,Male,Male,0,0,1,3 yr,3,36,Adult,Adult,0,1,Lab retriever mix,0,1,0,0,Large,Large,64.5,29.32,1/11/2021,1/11/2021,0,1,short,N,Y,Y,1,0,0,0,0,1,1,0,1,0,0,1,0,0,0,,0,0,0,NA,0,0,NA,0,NA,0,NA,0,0,0,0,0,0,0
421,H421,A46364016,Gallia,Gallia,Female,Female,0,1,0,3 yr,3,36,Adult,Adult,0,1,mixed breed medium,0,0,1,0,Medium,Medium,26.5,12.05,1/4/2021,1/4/2021,0,1,short,N,Y,Y,1,0,1,0,0,2,1,1,0,0,0,0,0,0,0,,,0,0,NA,0,0,NA,0,NA,0,NA,0,0,0,0,0,0,0
426,H426,A46409963,Lawrence,Lawrence,Male,Male,0,0,1,3 yr,3,36,Adult,Adult,0,1,mixed breed large,0,1,0,0,Large,Large,58,26.36,1/24/2021,1/4/2021,1,0,Long,N,Y,Y,1,0,0,1,0,2,1,1,0,0,0,0,0,0,0,,0,0,0,NA,0,0,NA,0,NA,0,NA,0,0,0,0,0,0,0
201/368,H201/H368,A46113717,Gallia,Gallia,Male,Male,0,0,1,3 yr,3,36,Adult,Adult,0,1,coonhound mix,0,1,0,0,Large,Large,76,34.55,11/17/2020,11/16/2020,NA,NA,NA,Y,Y,Y,1,0,0,0,0,1,1,0,1,1,0,0,0,0,0,,0,0,0,NA,0,0,NA,0,NA,0,NA,2,1,1,0,0,0,0
183,H183,A46025384,Ross,Ross,Male,Male,0,0,1,3 yr ,3,36,Adult,Adult,0,1,american pit bull,0,1,0,0,Large,Large,64,29.09,11/3/2020,9/9/2020,0,1,short,N,Y,Y,0,0,0,0,0,0,0,0,0,0,0,0,0,0,0,,1,0,1,NA,0,0,NA,0,NA,0,NA,1,1,0,0,0,0,0
430,H430,A46409894,Lawrence,Lawrence,Male,Male,0,0,1,3 yr ,3,36,Adult,Adult,0,1,mixed breed large,0,1,0,0,Large,Large,51.5,23.41,1/12/2021,1/7/2021,0,1,short,N,Y,Y,1,0,1,0,0,2,1,1,0,0,0,0,0,0,0,,0,0,0,NA,0,0,NA,0,NA,0,NA,2,1,1,0,0,0,0
25/33,H25/H33,A44949462,Jackson,Jackson,Female,Female,0,1,0,3 yr  ,3,36,Adult,Adult,0,1,Mastiff mix,0,1,0,0,Large,Large,52,23.64,6/26/2020,6/24/2020,0,1,short,Y,Y,Y,1,0,1,1,0,3,1,1,1,0,0,1,0,0,0,,0,0,0,NA,0,0,NA,0,NA,0,NA,3,1,1,0,0,0,0
4,H4,A43894661,Gallia,Gallia,Female,Female,0,1,0,3.6 yr,3.6,43,Adult,Adult,0,1,mixed breed large,0,1,0,0,Large,Large,55,25,2/25/2020,2/19/2020,NA,NA,NA,Y,Y,Y,1,0,1,1,0,3,1,1,0,0,0,0,0,0,0,,0,0,0,0,0,0,0,0,0,0,0,3,1,1,0,0,0,0
44,H44,A44892105,Gallia,Gallia,Female,Female,0,1,0,4 m,0.3,4,Puppy,Puppy,0,1,chihuahua mix,0,0,0,1,Small,Small,7.4,3.36,7/20/2020,6/18/2020,NA,NA,NA,N,Y,Y,0,0,0,0,0,0,0,0,0,0,0,0,0,0,0,,0,0,0,0,0,0,0,0,0,0,0,0,0,0,0,0,0,0
68,H68,A45078975,Scioto,Scioto,Female,Female,0,1,0,4 m,0.3,4,Puppy,Puppy,0,1,mixed breed large,0,0,1,0,Medium,Medium,32.5,14.77,7/15/2020,7/8/2020,0,1,short,N,Y,Y,0,0,0,0,0,0,0,0,0,0,0,0,0,0,0,,0,0,0,NA,0,0,NA,0,NA,0,0,0,0,0,0,0,0,0
32,H32,A45062733,Lawrence,Lawrence,Female,Female,0,1,0,4 y,4,48,Adult,Adult,0,1,shepherd mix,0,0,1,0,Medium,Medium,38,17.27,7/13/2020,7/8/2020,NA,NA,NA,Y,Y,Y,1,0,1,1,0,3,1,1,0,0,0,0,0,0,0,,,,,0,0,0,0,0,0,0,0,0,0,0,0,0,0,0
36,H36,A45020367,Scioto,Scioto,Male,Male,0,0,1,4 y,4,48,Adult,Adult,0,1,bulldog mix,0,1,0,0,Large,Large,65,29.55,7/7/2020,6/29/2020,NA,NA,NA,N,Y,Y,0,0,0,0,0,0,0,0,0,0,0,0,0,0,0,,0,0,0,0,0,0,0,0,0,0,0,1,1,0,0,0,0,0
89,H89,A45280649,Gallia,Gallia,Spayed Female,Female,1,1,0,4 y,4,48,Adult,Adult,0,1,american pit bull mix,0,1,0,0,Large,Large,57,25.91,8/12/2020,8/12/2020,0,1,short,N,Y,Y,0,0,1,0,0,1,1,0,0,0,0,0,0,0,0,,0,0,0,NA,0,0,0,0,NA,0,0,0,0,0,0,0,0,0
96,H96,A45313119,Scioto,Scioto,Female,Female,0,1,0,4 y,4,48,Adult,Adult,0,1,mixed breed medium,0,0,1,0,Medium,Medium,36,16.36,8/17/2020,8/17/2020,0,1,short,N,Y,Y,0,0,0,0,0,0,0,0,0,0,0,0,0,0,0,,0,0,0,NA,0,0,0,0,NA,0,0,2,1,1,0,0,0,0
98,H98,A45270460,Scioto,Scioto,Female,Female,0,1,0,4 y,4,48,Adult,Adult,0,1,beagle mix,0,0,1,0,Medium,Medium,32.5,14.77,8/11/2020,8/11/2020,0,1,short,Y,Y,Y,1,0,1,1,0,3,1,1,0,0,0,0,0,0,0,,0,0,0,NA,0,0,0,0,NA,0,0,0,0,0,0,0,0,0
101,H101,A45280656,Gallia,Gallia,Female,Female,0,1,0,4 y,4,48,Adult,Adult,0,1,chihuahua mix,0,0,0,1,Small,Small,6.37,2.9,8/12/2020,8/12/2020,0,1,short,N,Y,Y,0,0,0,0,0,0,0,0,0,0,0,0,0,0,0,,1,0,1,NA,0,0,0,0,NA,0,0,2,1,1,0,0,0,0
142,H142,A45617926,Jackson,Jackson,Male,Male,0,0,1,4 y,4,48,Adult,Adult,0,1,hound mix,0,0,1,0,Medium,Medium,44,20,9/28/2020,9/22/2020,0,1,short,N,Y,Y,0,0,0,1,0,1,1,0,,,,,,,,,,,,NA,0,0,NA,0,NA,0,0,0,0,NA,0,0,NA,0
153,H153,A45880717,Jackson,Jackson,Female,Female,0,1,0,4 y,4,48,Adult,Adult,0,1,amer pit bull,1,1,0,0,Large,Large,52.5,23.86,10/13/2020,10/5/2020,0,1,short,N,Y,Y,1,0,0,0,0,0,1,0,0,0,0,0,,,,,,,,NA,0,0,NA,0,NA,0,NA,0,0,0,0,0,0,0
160,H160,A45579729,Gallia,Gallia,Male,Male,0,0,1,4 y,4,4,Puppy,Puppy,0,1,mixed breed large,0,1,0,0,Large,Large,53,24.09,9/23/2020,9/1/2020,0,1,short,N,Y,N,NA,NA,NA,1,NA,1,1,0,,,,,,,,,,,,NA,0,0,NA,0,NA,0,NA,0,0,0,0,0,0,0
163,H163,A45972142,Lawrence,Lawrence,Female,Female,0,1,0,4 y,4,48,Adult,Adult,0,1,Lab retriever mix,0,0,1,0,Medium,Medium,44,20,10/26/2020,10/7/2020,0,1,short,N,Y,Y,0,0,1,1,0,2,1,1,0,0,0,0,0,0,0,,,,,NA,0,0,NA,0,NA,0,NA,1,1,NA,0,0,NA,0
28,H28,A45020355,Scioto,Scioto,Female,Female,0,1,0,4 y ,4,48,Adult,Adult,0,1,mixed breed medium,0,0,1,0,Medium,Medium,33,15,7/14/2020,6/12/2021,0,1,short,N,Y,Y,0,0,0,0,0,0,0,0,0,0,0,0,0,0,0,,,,,0,0,0,0,0,0,0,0,0,0,0,0,0,0,0
9,H9,A43986017,Lawrence,Lawrence,Male,Male,0,0,1,4 yr,4,48,Adult,Adult,0,1,Husky mix,0,0,1,0,Medium,Medium,43,19.55,3/9/2020,3/3/2020,1,0,Long,N,Y,Y,1,0,1,0,0,2,1,1,0,0,0,0,0,0,0,,0,0,0,0,0,0,0,0,0,0,0,2,1,1,0,0,0,0
18,H18,A43936746,Lawrence,Lawrence,Male,Male,0,0,1,4 yr,4,48,Adult,Adult,0,1,chihuahua mix,0,0,0,1,Small,Small,17.6,8,3/2/2020,2/28/2020,0,1,short,Y,Y,Y,0,0,0,NA,0,0,0,0,0,0,0,0,0,0,0,,0,0,0,0,0,0,0,0,0,0,0,0,0,0,0,0,0,0
31,H31,A45020355,Scioto,Scioto,Female,Female,0,1,0,4 yr,4,48,Adult,Adult,0,1,Med mix short hair,0,0,1,0,Medium,Medium,33,15,7/7/2020,6/12/2020,0,1,short,N,Y,Y,0,0,0,0,0,0,0,0,,,,,,,,,0,0,0,0,0,0,0,0,0,0,0,4,1,1,0,0,0,0
178,H178,A46017595,Scioto,Scioto,Male,Male,0,0,1,4 yr,4,48,Adult,Adult,0,1,Smooth Collie mix,0,1,0,0,Large,Large,54.5,24.77,11/2/2020,11/2/2020,1,0,Long,N,Y,Y,1,0,1,0,0,2,1,1,0,0,0,0,0,0,0,,1,0,1,NA,0,0,NA,0,NA,0,NA,3,1,1,0,0,0,0
184,H184,A46032781,Jackson,Jackson,Female,Female,0,1,0,4 yr,4,48,Adult,Adult,0,1,australian shepherd,1,1,0,0,Large,Large,48,21.82,11/4/2020,10/27/2020,1,0,Long,N,Y,Y,1,0,0,0,0,1,1,0,0,0,0,0,0,0,0,,0,0,0,NA,0,0,NA,0,NA,0,NA,0,0,0,0,0,0,0
185,H185,A46032766,Jackson,Jackson,Female,Female,0,1,0,4 yr,4,48,Adult,Adult,0,1,australian shepherd mix,0,1,0,0,Large,Large,55,25,11/4/2020,10/27/2020,1,0,Long,N,Y,Y,1,0,0,0,0,1,1,0,0,0,0,0,0,0,0,,0,0,0,NA,0,0,NA,0,NA,0,NA,1,1,0,0,0,0,0
186,H186,A46032826,Jackson,Jackson,Male,Male,0,0,1,4 yr,4,48,Adult,Adult,0,1,"mixed breed, small",0,0,0,1,Small,Small,20.2,9.18,11/4/2020,11/4/2020,0,1,short,N,Y,Y,0,0,0,0,0,0,0,0,0,0,0,0,0,0,0,,0,0,0,NA,0,0,NA,0,NA,0,NA,0,0,0,0,0,0,0
190,H190,A46150933,Scioto,Scioto,Male,Male,0,0,1,4 yr,4,48,Adult,Adult,0,1,Retriever mix,0,1,0,0,Large,Large,55,25,11/23/2020,11/17/2020,0,1,short,N,Y,Y,1,0,1,0,0,2,1,1,1,0,0,1,0,0,0,,0,0,0,NA,0,0,NA,0,NA,0,NA,1,1,0,0,0,0,0
199,H199,A46113819,Gallia,Gallia,Male,Male,0,0,1,4 yr,4,48,Adult,Adult,0,1,amer pit bull,0,1,0,0,Large,Large,76,34.55,11/18/2020,11/16/2020,0,1,short,N,Y,Y,0,0,0,0,0,0,0,0,0,0,0,0,0,0,0,,0,0,0,NA,0,0,NA,0,NA,0,NA,2,1,1,0,0,0,0
376,H376,A46203779,Gallia,Gallia,Male,Male,0,0,1,4 yr,4,48,Adult,Adult,0,1,mixed breed medium,0,0,1,0,Medium,Medium,22.2,10.09,12/3/2020,12/3/2020,0,1,short,Y,Y,Y,0,0,0,0,0,0,0,0,0,0,0,0,0,0,0,,,,,NA,0,0,NA,0,NA,0,NA,0,0,0,0,0,0,0
384,H384,A46370226,Ross,Ross,Female,Female,0,1,0,4 yr,4,48,Adult,Adult,0,1,coonhound mix,0,1,0,0,Large,Large,56,25.45,1/5/2021,12/19/2020,0,1,short,N,Y,Y,1,0,1,0,0,2,1,1,1,0,0,1,0,0,0,,0,0,0,NA,0,0,NA,0,NA,0,NA,0,0,0,0,0,0,0
386,H386,A46265511,Scioto,Scioto,Male,Male,0,0,1,4 yr,4,48,Adult,Adult,0,1,retriever,1,1,0,0,Large,Large,61,27.73,12/14/2020,12/14/2020,0,1,short,N,Y,Y,1,0,0,0,0,1,1,0,0,0,0,0,0,0,0,,0,0,0,NA,0,0,NA,0,NA,0,NA,2,1,1,0,0,0,0
393,H393,A46370398,Ross,Ross,Female,Female,0,1,0,4 yr,4,48,Adult,Adult,0,1,mixed breed medium,0,0,1,0,Medium,Medium,25.5,11.59,1/5/2021,12/24/2020,0,1,short,N,Y,Y,0,0,0,0,0,0,0,0,0,0,0,0,0,0,0,,0,0,0,NA,0,0,NA,0,NA,0,NA,2,1,1,0,0,0,0
406,H406,A46403408,Gallia,Gallia,Female,Female,0,1,0,4 yr,4,48,Adult,Adult,0,1,mixed breed large,0,1,0,0,Large,Large,56,25.45,1/11/2021,12/16/2020,0,1,short,N,Y,Y,0,0,0,0,0,0,0,0,0,0,0,0,0,0,0,,0,0,0,NA,0,0,NA,0,NA,0,NA,1,1,0,0,0,0,0
433,H433,A45972087,Lawrence,Lawrence,Male,Male,0,0,1,4 yr,4,48,Adult,Adult,0,1,pit bull mix,0,1,0,0,Large,Large,48,21.82,10/26/2020,10/1/2020,0,1,short,N,Y,Y,1,0,1,0,0,2,1,1,0,0,0,0,0,0,0,,0,0,0,NA,0,0,NA,0,NA,0,NA,1,1,0,0,0,0,0
30,H30,A44983972,Gallia,Gallia,Male,Male,0,0,1,4 yr ,4,48,Adult,Adult,0,1,boxer mix,0,1,0,0,Large,Large,59,26.82,7/14/2020,7/1/2020,0,1,short,N,Y,Y,1,1,1,1,0,4,1,1,0,0,0,0,0,0,0,,,,,0,0,0,0,0,0,1,0,0,0,NA,1,0,NA,1
58,H58,A45079141,Scioto,Scioto,Female,Female,0,1,0,4 yr ,4,48,Adult,Adult,0,1,Staffordshire terrier mix,0,1,0,0,Large,Large,57,25.91,7/15/2020,7/10/2020,0,1,short,N,Y,Y,0,0,0,1,0,1,1,0,0,0,0,0,0,0,0,,0,0,0,NA,0,0,NA,0,NA,0,0,3,1,1,0,0,0,0
59,H59,A45079045,Scioto,Scioto,Male,Male,0,0,1,4 yr ,4,48,Adult,Adult,0,1,boxer mix,0,1,0,0,Large,Large,51,23.18,7/15/2020,7/15/2020,0,1,short,N,Y,Y,0,0,0,1,0,1,1,0,0,0,0,0,0,0,0,,0,0,0,NA,0,0,NA,0,NA,0,0,1,1,0,0,0,0,0
70,H70,A45187467,Scioto,Scioto,Female,Female,0,1,0,4 yr ,4,48,Adult,Adult,0,1,pit bull mix,0,1,0,0,Large,Large,56,25.45,7/30/2020,5/21/2020,0,1,short,Y,Y,Y,0,0,0,0,0,0,0,0,0,0,0,0,0,0,0,,0,0,0,NA,0,0,NA,0,NA,0,0,0,0,0,0,0,0,0
398,H398,A46245698,Gallia,Gallia,Spayed Female,Female,1,1,0,4 yrs,4,48,Adult,Adult,0,1,terrier mix,0,0,1,0,Medium,Medium,24,10.91,12/10/2020,12/7/2020,1,0,Long,N,Y,Y,0,0,0,0,0,0,0,0,,,,,,,,,0,0,0,NA,0,0,NA,0,NA,0,NA,0,0,0,0,0,0,0
38,H38,A45044719,Jackson,Jackson,Male,Male,0,0,1,5 m,0.4,5,Puppy,Puppy,0,1,shepherd mix,0,0,1,0,Medium,Medium,43.5,19.77,7/10/2020,7/1/2020,1,0,Long,Y,Y,Y,0,0,0,0,0,0,0,0,0,0,0,0,0,0,0,,0,0,0,0,0,0,0,0,0,0,0,0,0,0,0,0,0,0
63,H63,A45163255,Ross,Ross,Female,Female,0,1,0,5 y,5,60,Adult,Adult,0,1,catahoula leopard mix,0,1,0,0,Large,Large,45.5,20.68,7/27/2020,7/24/2020,0,1,short,N,Y,Y,0,0,0,0,0,0,0,0,0,0,0,0,0,0,0,,0,0,0,NA,0,0,NA,0,NA,0,0,2,1,1,0,0,0,0
83,H83,A45229699,Jackson,Jackson,Female,Female,0,1,0,5 y,5,60,Adult,Adult,0,1,boxer mix,0,1,0,0,Large,Large,51,23.18,8/5/2020,7/25/2020,0,1,short,N,Y,Y,0,0,0,0,0,0,0,0,0,0,0,0,0,0,0,,0,0,0,NA,0,0,0,0,NA,0,0,1,1,0,0,0,0,0
94,H94,A45313138,Scioto,Scioto,Female,Female,0,1,0,5 y,5,60,Adult,Adult,0,1,american pit bull mix,0,1,0,0,Large,Large,59,26.82,8/17/2020,8/12/2020,0,1,short,N,Y,Y,1,0,0,1,0,2,1,1,0,0,0,0,0,0,0,,0,0,0,NA,0,0,0,0,NA,0,0,2,1,1,0,0,0,0
99,H99,A45288767,Jackson,Jackson,Male,Male,0,0,1,5 y,5,60,Adult,Adult,0,1,Retriever mix,0,0,1,0,Medium,Medium,39.5,17.95,8/13/2020,8/8/2020,1,0,Long,Y,Y,Y,0,0,1,1,0,2,1,1,0,0,0,0,0,0,0,,,,,NA,0,0,0,0,NA,0,0,0,0,NA,0,0,NA,0
115,H115,A45366852,Scioto,Scioto,Female,Female,0,1,0,5 y,5,60,Adult,Adult,0,1,hound mix,0,0,1,0,Medium,Medium,31,14.09,8/24/2020,8/21/2020,0,1,short,Y,Y,Y,0,0,1,1,0,2,1,1,0,0,0,0,0,0,0,,0,0,0,NA,NA,NA,NA,NA,NA,NA,NA,0,0,0,0,0,0,0
132,H132,A45568873,Lawrence,Lawrence,Female,Female,0,1,0,5 y,5,5,Puppy,Puppy,0,1,pit bull mix,0,1,0,0,Large,Large,53.5,24.32,9/21/2020,9/1/2020,0,1,short,N,Y,N,NA,NA,NA,0,NA,0,0,0,,,,,,,,,0,0,0,NA,0,0,0,0,NA,0,0,0,0,0,0,0,0,0
139,H139,A45585335,Ross,Ross,Male,Male,0,0,1,5 y,5,5,Puppy,Puppy,0,1,coonhound mix,0,1,0,0,Large,Large,59.5,27.05,9/23/2020,8/15/2020,0,1,short,N,Y,N,NA,NA,NA,0,NA,0,0,0,,,,,,,,,0,0,0,NA,0,0,0,0,NA,0,0,0,0,0,0,0,0,0
412,H412,A46415837,Jackson,Jackson,Male,Male,0,0,1,5 y,5,60,Adult,Adult,0,1,coonhound mix,0,1,0,0,Large,Large,53,24.09,1/13/2021,1/8/2021,0,1,short,N,Y,Y,0,0,0,1,0,1,1,0,0,0,0,0,0,0,0,,NA,NA,NA,NA,0,0,NA,0,NA,0,NA,2,1,1,0,0,0,0
62,H62,A45163262,Ross,Ross,Male,Male,0,0,1,5 y ,5,60,Adult,Adult,0,1,basset,1,1,0,0,Large,Large,48.5,22.05,7/27/2020,7/3/2020,0,1,short,N,Y,Y,1,0,0,1,0,2,1,1,0,0,0,0,0,0,0,,,,,NA,0,0,NA,0,NA,0,0,0,0,NA,0,0,NA,0
403,H403,A46364010,Gallia,Gallia,Female ,Female ,0,0,0,5 y ,5,60,Adult,Adult,0,1,mixed breed large,0,1,0,0,Large,Large,51.5,23.41,1/4/2021,12/26/2020,0,1,short,N,Y,Y,0,0,0,0,0,0,0,0,0,0,0,0,0,0,0,,0,0,0,NA,0,0,NA,0,NA,0,NA,3,1,1,0,0,0,0
391,H391,A46279939,Athens,Athens,Male,Male,0,0,1,5 years,5,60,Adult,Adult,0,1,Retriever mix,0,1,0,0,Large,Large,54.5,24.77,12/16/2020,10/19/2020,0,1,short,N,Y,Y,0,0,0,0,0,0,0,0,0,0,0,0,0,0,0,,0,0,0,NA,0,0,NA,0,NA,0,NA,0,0,0,0,0,0,0
13,H13,A44399528,Gallia,Gallia,Female,Female,0,1,0,5 yr,5,60,Adult,Adult,0,1,coonhound,1,1,0,0,Large,Large,49.5,22.5,5/28/2020,5/26/2020,0,1,short,Y,Y,Y,1,0,0,1,0,2,1,1,0,0,0,0,0,0,0,,0,0,0,0,0,0,0,0,0,0,0,2,1,1,0,0,0,0
57,H57,A45079119,Scioto,Scioto,Female,Female,0,1,0,5 yr,5,60,Adult,Adult,0,1,GSD ,1,1,0,0,Large,Large,71,32.27,7/21/2020,7/8/2020,1,0,Long,N,Y,Y,1,0,1,1,0,3,1,1,0,0,0,0,0,0,0,,0,0,0,NA,0,0,NA,0,NA,0,0,0,0,0,0,0,0,0
60,H60,A45079097,Scioto,Scioto,Male,Male,0,0,1,5 yr,5,60,Adult,Adult,0,1,mixed breed large,0,0,1,0,Medium,Medium,43,19.55,7/15/2020,7/15/2020,0,1,short,N,Y,Y,0,0,0,0,0,0,0,0,0,0,0,0,0,0,0,,0,0,0,NA,0,0,NA,0,NA,0,0,1,1,0,0,0,0,0
159,H159,A45883710,Gallia,Gallia,Neutered Male,Male,1,0,1,5 yr,5,5,Puppy,Puppy,0,1,boxer mix,0,1,0,0,Large,Large,75,34.09,10/13/2020,10/13/2020,0,1,short,N,Y,N,NA,NA,NA,1,NA,1,1,0,,,,,,,,,,,,NA,0,0,NA,0,NA,0,NA,0,0,0,0,0,0,0
180,H180,A46017605,Scioto,Scioto,Female,Female,0,1,0,5 yr,5,60,Adult,Adult,0,1,mixed breed medium,0,1,0,0,Large,Large,45.5,20.68,11/2/2020,10/19/2020,0,1,short,N,Y,Y,0,0,1,0,0,1,1,0,0,0,0,0,0,0,0,,0,0,0,NA,0,0,NA,0,NA,0,NA,0,0,0,0,0,0,0
191,H191,A46150828,Scioto,Scioto,Male,Male,0,0,1,5 yr,5,60,Adult,Adult,0,1,mixed breed large,0,1,0,0,Large,Large,71,32.27,11/23/2020,11/15/2020,0,1,short,N,Y,Y,0,0,0,0,1,0,0,0,0,0,0,0,0,0,0,,0,0,0,NA,0,0,NA,0,NA,0,NA,1,1,0,0,0,0,0
197,H197,A46113832,Gallia,Gallia,Male,Male,0,0,1,5 yr,5,60,Adult,Adult,0,1,beagle mix,0,0,1,0,Medium,Medium,24,10.91,11/17/2020,11/16/2020,0,1,short,N,Y,Y,0,0,1,0,0,1,1,0,0,0,0,0,0,0,0,,0,0,0,NA,0,0,NA,0,NA,0,NA,0,0,0,0,0,0,0
373,H373,A46279991,Athens,Athens,Male,Male,0,0,1,5 yr,5,60,Adult,Adult,0,1,mixed ,0,1,0,0,Large,Large,63,28.64,12/16/2020,12/3/2020,0,1,short,N,Y,Y,0,0,0,0,0,0,0,0,0,0,0,0,0,0,0,,0,0,0,NA,0,0,NA,0,NA,0,NA,1,1,0,0,0,0,0
377,H377,A46203756,Gallia,Gallia,Female,Female,0,1,0,5 yr,5,60,Adult,Adult,0,1,Lab retriever mix,0,0,1,0,Medium,Medium,41,18.64,12/3/2020,11/23/2020,0,1,short,N,Y,Y,1,0,0,0,0,1,1,0,,0,0,NA,,,,,0,0,0,NA,0,0,NA,0,NA,0,NA,0,0,0,0,0,0,0
379,H379,A46370464,Ross,Ross,Spayed Female,Female,1,1,0,5 yr,5,60,Adult,Adult,0,1,mixed breed,0,0,1,0,Medium,Medium,35,15.91,1/5/2021,12/10/2020,0,1,short,N,Y,Y,1,0,0,0,0,1,1,0,0,0,0,0,0,0,0,,0,0,0,NA,0,0,NA,0,NA,0,NA,1,1,0,0,0,0,0
397,H397,A46272365,Ross,Ross,Neutered Male,Male,1,0,1,5 yr,5,60,Adult,Adult,0,1,Australian Cattle dog mix,0,1,0,0,Large,Large,58,26.36,12/15/2020,12/10/2020,0,1,short,N,Y,Y,0,0,0,0,0,0,0,0,,,,,,,,,0,0,0,NA,0,0,NA,0,NA,0,NA,0,0,0,0,0,0,0
414,H414,A46378922,Jackson,Jackson,Male ,Male ,0,0,0,5 yr,5,60,Adult,Adult,0,1,mixed breed large,0,1,0,0,Large,Large,73.5,33.41,1/6/2021,1/6/2021,0,1,short,N,Y,Y,1,0,1,0,0,2,1,1,0,0,0,0,0,0,0,,,,,NA,0,0,NA,0,NA,0,NA,0,0,NA,0,0,NA,0
422,H422,A46378969,Jackson,Jackson,Female ,Female ,0,0,0,5 yr,5,60,Adult,Adult,0,1,mixed breed small,0,0,1,0,Medium,Medium,22.7,10.32,1/6/2021,1/5/2021,0,1,short,N,Y,Y,0,0,0,0,0,0,0,0,0,0,0,0,0,0,0,,0,0,0,NA,0,0,NA,0,NA,0,NA,1,1,0,0,0,0,0
436,H436,A46363841,Gallia,Gallia,Male,Male,0,0,1,5 yr,5,60,Adult,Adult,0,1,mixed breed ,0,1,0,0,Large,Large,52.5,23.86,1/4/2021,12/26/2020,0,1,short,N,Y,Y,1,0,1,1,0,3,1,1,0,0,0,0,0,0,0,,0,0,0,NA,0,0,NA,0,NA,0,NA,0,0,0,0,0,0,0
74,H74,A45180071,Gallia,Gallia,Male,Male,0,0,1,6 m,0.5,6,Adolescence,Adolescence,0,1,Lab retriever mix,0,0,1,0,Medium,Medium,23.3,10.59,7/29/2020,7/29/2020,0,1,short,N,Y,Y,0,0,0,0,0,0,0,0,0,0,0,0,0,0,0,,,,,NA,0,0,NA,0,NA,0,0,0,0,0,0,0,0,0
82,H82,A45229668,Jackson,Jackson,Male,Male,0,0,1,6 m,0.5,6,Adolescence,Adolescence,0,1,hound mix,0,1,0,0,Large,Large,49,22.27,8/5/2020,8/1/2020,0,1,short,N,Y,Y,1,0,0,0,0,1,1,0,0,0,0,0,0,0,0,,0,0,0,NA,0,0,0,0,NA,0,0,2,1,1,0,0,1,0
151,H151,A45880830,Jackson,Jackson,Female,Female,0,1,0,6 m,0.5,6,Adolescence,Adolescence,0,1,amer pit bull,0,0,1,0,Medium,Medium,37,16.82,10/13/2020,10/2/2020,0,1,short,N,Y,Y,0,0,0,0,0,0,0,0,,,,,,,,,0,0,0,NA,0,0,NA,0,NA,0,0,1,1,0,0,0,0,0
189,H189,A46150841,Scioto,Scioto,Male,Male,0,0,1,6 m,0.5,6,Adolescence,Adolescence,0,1,coonhound mix,0,1,0,0,Large,Large,58,26.36,11/23/2020,11/17/2020,0,1,short,N,Y,Y,0,0,0,0,0,0,0,0,0,0,0,0,0,0,0,,0,0,0,NA,0,0,NA,0,NA,0,NA,0,0,0,0,0,0,0
200,H200,A46113792,Gallia,Gallia,Female,Female,0,1,0,6 m,0.5,6,Adolescence,Adolescence,0,1,american pit bull mix,0,0,1,0,Medium,Medium,26,11.82,11/19/2020,10/26/2020,0,1,short,N,Y,Y,1,0,0,0,0,1,1,0,0,0,0,0,0,0,0,,0,0,0,NA,0,0,NA,0,NA,0,NA,1,1,0,0,0,0,0
417,H417,A46370255,Ross,Ross,Male,Male,0,0,1,6 m,0.5,6,Adolescence,Adolescence,0,1,mixed breed large,0,0,1,0,Medium,Medium,33.5,15.23,1/5/2021,12/23/2020,0,1,short,N ,Y,Y,0,0,0,0,0,0,0,0,0,0,0,0,0,0,0,,0,0,0,NA,0,0,NA,0,NA,0,NA,2,1,1,0,0,0,0
372,H372,A46238145,Jackson,Jackson,Female,Female,0,1,0,6 mo,0.5,6,Adolescence,Adolescence,0,1,mixed breed large,0,0,1,0,Medium,Medium,30.36,13.8,12/9/2020,12/3/2020,0,1,short,Y,Y,Y,0,0,0,0,0,0,0,0,,,,,,,,,,,,NA,0,0,NA,0,NA,0,NA,0,0,NA,0,0,NA,0
378,H378,A46238155,Jackson,Jackson,Female,Female,0,1,0,6 mo,0.5,6,Adolescence,Adolescence,0,1,coonhound mix,0,0,1,0,Medium,Medium,38.5,17.5,12/9/2020,12/3/2020,0,1,short,Y,Y,Y,0,0,0,0,0,0,0,0,,,,,,,,,,,,NA,0,0,NA,0,NA,0,NA,0,0,0,0,0,0,0
429,H429,A46410085,Lawrence,Lawrence,Male,Male,0,0,1,6 mo,0.5,6,Adolescence,Adolescence,0,1,mixed breed large,0,0,1,0,Medium,Medium,37,16.82,1/12/2021,1/5/2021,0,1,short,N,Y,Y,1,0,0,0,0,1,1,0,1,1,0,0,0,0,,,0,0,0,NA,0,0,NA,0,NA,0,NA,0,0,0,0,0,0,0
140,H140,A45585595,Ross,Ross,Female,Female,0,1,0,6 y,6,6,Adolescence,Adolescence,0,1,terrier mix,0,1,0,0,Large,Large,56,25.45,9/23/2020,9/17/2020,0,1,short,N,Y,N,NA,NA,NA,0,NA,0,0,0,,,,,,,,,,,,NA,0,0,0,0,NA,0,0,1,1,NA,0,0,NA,0
37,H37,A44313083,Richland,Richland,Male,Male,0,0,1,6 yr,6,72,Adult,Adult,0,1,mixed breed large,0,1,0,0,Large,Large,70,31.82,5/14/2020,5/14/2020,0,1,short,N,Y,Y,0,0,0,0,0,0,0,0,0,0,0,0,0,0,0,,0,0,0,0,0,0,0,0,0,0,0,0,0,0,0,0,0,0
81,H81,A45229657,Jackson,Jackson,Male,Male,0,0,1,6 yr,6,72,Adult,Adult,0,1,mixed breed ,0,1,0,0,Large,Large,71.5,32.5,8/5/2020,8/5/2020,0,1,short,Y,Y,Y,1,0,1,0,1,2,1,1,0,0,0,0,0,0,0,,0,0,0,NA,0,0,0,0,NA,0,0,0,0,0,0,0,0,0
87,H87,A45270475,Scioto,Scioto,Female,Female,0,1,0,6 yr,6,72,Adult,Adult,0,1,mixed breed medium,0,0,1,0,Medium,Medium,33,15,8/11/2020,8/11/2020,0,1,short,N,Y,Y,0,0,0,0,0,0,0,0,0,0,0,0,0,0,0,,0,0,0,NA,0,0,0,0,NA,0,0,2,1,1,0,0,0,0
193,H193,A46070511,Scioto,Scioto,Female,Female,0,1,0,6 yr,6,72,Adult,Adult,0,1,mixed breed medium,0,0,1,0,Medium,Medium,30,13.64,11/10/2020,11/5/2020,0,1,short,Y,Y,Y,0,0,1,0,0,1,1,0,0,0,0,0,0,0,0,,0,0,0,NA,0,0,NA,0,NA,0,NA,2,1,1,0,0,0,0
47,H47,A45044738,Jackson,Jackson,Male,Male,0,0,1,7 m,0.6,7,Adolescence,Adolescence,0,1,hound mix,0,0,1,0,Medium,Medium,35.5,16.14,7/10/2020,7/6/2020,0,1,short,N,Y,Y,0,0,0,0,0,0,0,0,0,0,0,0,0,0,0,,0,0,0,0,0,0,0,0,0,0,0,0,0,0,0,0,0,0
77,H77,A45180125,Gallia,Gallia,Male,Male,0,0,1,7 m,0.6,0.6,Puppy,Puppy,1,0,Retriever mix,0,1,0,0,Large,Large,49,22.27,7/29/2020,7/29/2020,0,1,short,N,Y,N,NA,NA,NA,0,NA,0,0,0,,,,,,,,,0,0,0,NA,0,0,NA,0,NA,0,0,1,1,0,0,0,0,0
125,H125,A45383322,Jackson,Jackson,Female,Female,0,1,0,7 m,0.6,7,Adolescence,Adolescence,0,1,american pit bull mix,0,0,1,0,Medium,Medium,30.5,13.86,8/26/2020,8/20/2020,0,1,short,N,Y,Y,0,0,0,0,0,0,0,0,0,0,0,0,0,0,0,,,,,NA,0,0,0,0,NA,0,0,0,0,NA,0,0,NA,0
129,H129,A45480416,Gallia,Gallia,Female,Female,0,1,0,7 m,0.6,7,Adolescence,Adolescence,0,1,Australian cattle dog ,1,0,1,0,Medium,Medium,25,11.36,9/9/2020,9/5/2020,NA,NA,NA,N,Y,Y,0,0,1,0,0,1,1,0,0,0,0,0,0,0,0,,0,0,0,NA,0,0,0,0,NA,0,0,3,1,1,0,0,0,0
130,H130,A45480425,Gallia,Gallia,Female,Female,0,1,0,7 m,0.6,7,Adolescence,Adolescence,0,1,Australian cattle dog ,1,0,1,0,Medium,Medium,29,13.18,9/9/2020,9/5/2020,NA,NA,NA,N,Y,Y,0,0,0,0,0,0,0,0,0,0,0,0,0,0,0,,0,0,0,NA,0,0,0,0,NA,0,0,0,0,0,0,0,0,0
15,H15,A44399589,Gallia,Gallia,Male,Male,0,0,1,7 y,7,84,Senior,Senior,0,1,Beagle mix,0,0,1,0,Medium,Medium,27,12.27,5/28/2020,5/26/2020,0,1,short,Y,N,Y,1,0,1,NA,0,2,1,1,0,0,0,0,0,0,0,,0,0,0,NA,NA,NA,NA,NA,NA,NA,NA,2,1,1,0,0,0,0
48,H48,A45029629,Ross,Ross,Female,Female,0,1,0,7 y,7,84,Senior,Senior,0,1,Retriever mix,0,1,0,0,Large,Large,69,31.36,7/8/2020,7/4/2020,0,1,short,N,Y,Y,1,0,1,0,0,2,1,1,0,0,0,0,0,0,0,,0,0,0,0,0,0,0,0,0,0,0,0,0,0,0,0,0,0
106,H106,A45270498,Scioto,Scioto,Male,Male,0,0,1,7 y,7,84,Senior,Senior,0,1,mixed breed medium,0,0,1,0,Medium,Medium,25,11.36,8/11/2020,8/5/2020,0,1,short,N,Y,Y,0,0,0,1,0,1,1,0,0,0,0,0,0,0,0,,0,0,0,NA,0,0,0,0,NA,0,0,0,0,0,0,0,0,0
72,H72,A45180141,Gallia,Gallia,Male,Male,0,0,1,7 yr,7,84,Senior,Senior,0,1,Lab retriever mix,0,1,0,0,Large,Large,62,28.18,7/29/2020,7/29/2020,NA,NA,NA,N,Y,Y,1,1,1,1,0,4,1,1,0,0,0,0,0,0,0,,0,0,0,NA,0,0,NA,0,NA,0,0,0,0,0,0,0,0,0
85,H85,A45263053,Lawrence,Lawrence,Male,Male,0,0,1,7 yr,7,84,Senior,Senior,0,1,pug beagle mix,0,0,1,0,Medium,Medium,29,13.18,8/10/2020,8/4/2020,0,1,short,Y,Y,Y,0,0,0,1,0,1,1,0,0,0,0,0,0,0,0,,0,0,0,NA,0,0,0,0,NA,0,0,0,0,0,0,0,0,0
175,H175,A46063173,Jackson,Jackson,Male,Male,0,0,1,7 yr,7,84,Senior,Senior,0,1,beagle mix,0,0,1,0,Medium,Medium,37.5,17.05,11/9/2020,11/4/2020,0,1,short,Y,Y,Y,1,0,1,1,0,3,1,1,1,1,0,0,0,0,0,,0,0,0,NA,0,0,NA,0,NA,0,NA,1,1,0,0,0,0,0
394,H394,A46265538,Scioto,Scioto,Neutered Male,Male,1,0,1,7 yr,7,84,Senior,Senior,0,1,mixed breed medium,0,1,0,0,Large,Large,45,20.45,12/14/2020,12/14/2020,0,1,short,N,Y,Y,0,0,0,0,0,0,0,0,0,0,0,0,0,0,0,,0,0,0,NA,0,0,NA,0,NA,0,NA,0,0,0,0,0,0,0
67,H67,A45163375,Ross,Ross,Female,Female,0,1,0,8 m,0.7,8,Adolescence,Adolescence,0,1,mixed breed large,0,1,0,0,Large,Large,48,21.82,7/27/2020,7/9/2020,0,1,short,N,Y,Y,0,0,0,0,0,0,0,0,0,0,0,0,0,0,0,,0,0,0,NA,0,0,NA,0,NA,0,0,0,0,0,0,0,0,0
152,H152,A45883882,Gallia,Gallia,Female,Female,0,1,0,8 m,0.7,8,Adolescence,Adolescence,0,1,smooth collie mix,0,1,0,0,Large,Large,56,25.45,10/13/2020,10/5/2020,0,1,short,N,Y,Y,0,0,0,0,0,0,0,0,,,,,,,,,,,,NA,0,0,NA,0,NA,0,0,0,0,0,0,0,0,0
400,H400,A46238098,Jackson,Jackson,Male,Male,0,0,1,8 months,0.7,8,Adolescence,Adolescence,0,1,Coonhound mix,0,1,0,0,Large,Large,48,21.82,12/9/2020,12/4/2020,0,1,short,Y,Y,Y,1,0,1,0,0,2,1,1,0,0,0,0,0,0,0,,0,0,0,NA,0,0,NA,0,NA,0,NA,0,0,0,0,0,0,0
43,H43,A45029623,Ross,Ross,Male,Male,0,0,1,8 y,8,96,Senior,Senior,0,1,mixed breed large,0,1,0,0,Large,Large,45.5,20.68,7/8/2020,7/2/2020,1,0,Long,N,Y,Y,0,0,0,0,0,0,0,0,0,0,0,0,0,0,0,,0,0,0,0,0,0,0,0,0,0,0,1,1,0,0,0,0,0
111,H111,A45366758,Scioto,Scioto,Female,Female,0,1,0,8 y,8,8,Adolescence,Adolescence,0,1,small mixed breed,0,0,0,1,Small,Small,18.5,8.41,8/24/2020,8/24/2020,0,1,short,N,Y,N,NA,NA,NA,1,NA,1,1,0,,,,,,,,,,,,NA,0,0,0,0,NA,0,0,0,0,NA,0,0,NA,0
95/138,H95/138,A45313150,Scioto,Scioto,Male,Male,0,0,1,8 y,8,96,Senior,Senior,0,1,Terrier mix,0,0,0,1,Small,Small,13.4,6.09,8/17/2020,8/12/2020,0,1,short,N,Y,Y,1,0,1,0,1,2,1,1,0,0,0,0,0,0,0,,,,,NA,0,0,NA,0,NA,0,NA,0,0,NA,0,0,NA,0
76,H76,A45180115,Gallia,Gallia,Male,Male,0,0,1,8 yr,8,96,Senior,Senior,0,1,Lab retriever mix,0,1,0,0,Large,Large,59.5,27.05,7/29/2020,7/29/2020,0,1,short,N,Y,Y,0,0,0,1,0,1,1,0,0,0,0,0,0,0,0,,0,0,0,NA,0,0,NA,0,NA,0,0,0,0,0,0,0,0,0
188,H188,A46152152,Jackson,Jackson,Male,Male,0,0,1,8 yr,8,96,Senior,Senior,0,1,pit bull terrier,1,1,0,0,Large,Large,80,36.36,11/23/2020,11/23/2020,0,1,short,N,Y,Y,0,0,1,0,0,1,1,0,0,0,0,0,0,0,0,,0,0,0,NA,0,0,NA,0,NA,0,NA,1,1,0,0,0,0,0
122,H122,A45390980,Ross,Ross,Female,Female,0,1,0,8yr ,8,96,Senior,Senior,0,1,beagle/retriever mix,0,1,0,0,Large,Large,45,20.45,8/25/2020,8/17/2020,0,1,short,N,Y,Y,0,0,0,0,0,0,0,0,,,,,,,,,0,0,0,NA,0,0,0,0,NA,0,0,0,0,0,0,0,0,0
112,H112,A45229663,Jackson,Jackson,Female,Female,0,1,0,9 m,0.8,9,Adolescence,Adolescence,0,1,hound mix,0,0,1,0,Medium,Medium,28,12.73,8/5/2020,8/1/2020,0,1,short,N,Y,Y,0,0,0,0,0,0,0,0,,,,,,,,,,,,NA,0,0,0,0,NA,0,0,0,0,NA,0,0,NA,0
396,H396,A46305589,Jackson,Jackson,Male,Male,0,0,1,9 months,0.8,9,Adolescence,Adolescence,0,1,hound mix,0,0,1,0,Medium,Medium,36.5,16.59,12/21/2020,12/14/2020,0,1,short,N,Y,Y,0,0,0,0,0,0,0,0,0,0,0,0,0,0,0,,,,,NA,0,0,NA,0,NA,0,NA,0,0,0,0,0,0,0
147,H147,A45637902,Ross,Ross,Female,Female,0,1,0,9 y,9,9,Adolescence,Adolescence,0,1,beagle mix,0,0,1,0,Medium,Medium,34,15.45,9/30/2020,9/29/2020,0,1,short,N,Y,N,NA,NA,NA,0,NA,0,0,0,,,,,,,,,0,0,0,NA,0,0,NA,0,NA,0,0,1,1,0,0,0,0,0
